"Target Sequence","Public ID","Plasmid Name","Legacy Name","Flags"
"AAAAAGTCCGCGATTACGTC","BRDN0000737505","SGR000121503.1_XPR003.1","",""
"AAAACGGCTCGATCGGTGAT","BRDN0000737693","SGR000121691.1_XPR003.1","",""
"AAAACGTAATTATACCGAGC","BRDN0000737637","SGR000121635.1_XPR003.1","",""
"AAAATTGCACCTTCCCGGCC","BRDN0000738185","SGR000122183.1_XPR003.1","",""
"AAACCCCCGCGCGGAGCGTC","BRDN0000737801","SGR000121799.1_XPR003.1","",""
"AAACCTAGCGTAGATTCGGC","BRDN0000737467","SGR000121465.1_XPR003.1","",""
"AAACGAGGCTGTTCGTACAC","BRDN0000737848","SGR000121846.1_XPR003.1","",""
"AAACTCATACGTAGCGAATC","BRDN0000737609","SGR000121607.1_XPR003.1","",""
"AAACTCCCGTGTCAACCGAT","BRDN0000737434","SGR000121432.1_XPR003.1","",""
"AAAGACGTGCATTCAGCGAG","BRDN0000738254","SGR000122252.1_XPR003.1","",""
"AACATGTTAAGTCGCGTTAT","BRDN0000737777","SGR000121775.1_XPR003.1","",""
"AACCAGCATTTGACCGCGCT","BRDN0000737611","SGR000121609.1_XPR003.1","",""
"AACCCCGGCTGTCATCGCCG","BRDN0000737528","SGR000121526.1_XPR003.1","",""
"AACCCGCCGGAACAATCAGC","BRDN0000738228","SGR000122226.1_XPR003.1","",""
"AACCGGCTGCGCGTTTGCAA","BRDN0000737727","SGR000121725.1_XPR003.1","",""
"AACCGTACTGCGAGGAGCAT","BRDN0000737483","SGR000121481.1_XPR003.1","",""
"AACCTCGTCTCATGTACGAA","BRDN0000737872","SGR000121870.1_XPR003.1","",""
"AACGCCCCGGATTTCGTTGA","BRDN0000737516","SGR000121514.1_XPR003.1","",""
"AACGGCTGCGCCCGCGGCAA","BRDN0000737844","SGR000121842.1_XPR003.1","",""
"AACGGGCGCAATACCCTTTT","BRDN0000737412","SGR000121410.1_XPR003.1","",""
"AACGGTAGCGTACCCGTGAA","BRDN0000737631","SGR000121629.1_XPR003.1","",""
"AACGGTCAAATCCGTGAGGG","BRDN0000737750","SGR000121748.1_XPR003.1","",""
"AACGTCACCAACCTCGATCC","BRDN0000737875","SGR000121873.1_XPR003.1","",""
"AACGTTATAGCTTCGTCTCT","BRDN0000738229","SGR000122227.1_XPR003.1","",""
"AACTAACTCACTACGCACGA","BRDN0000737806","SGR000121804.1_XPR003.1","",""
"AACTCCTCATCGTACGCTAA","BRDN0000738366","SGR000122364.1_XPR003.1","",""
"AACTCGCGTGGGAAGTCCGG","BRDN0000737593","SGR000121591.1_XPR003.1","",""
"AACTTATACGTAATCTGATC","BRDN0000738128","SGR000122126.1_XPR003.1","",""
"AAGACTCCTACGTATCGAGC","BRDN0000738307","SGR000122305.1_XPR003.1","",""
"AAGCACAAGAACGGTCCGCC","BRDN0000737391","SGR000121389.1_XPR003.1","",""
"AAGCAGCGACTACTCGACGC","BRDN0000737912","SGR000121910.1_XPR003.1","",""
"AAGCCTAACGGAGCTCGCGG","BRDN0000738101","SGR000122099.1_XPR003.1","",""
"AAGCCTACTTCACCGGTCGG","BRDN0000738296","SGR000122294.1_XPR003.1","",""
"AAGCGAGCCGCAGACCGTTT","BRDN0000738095","SGR000122093.1_XPR003.1","",""
"AAGCGTACCCCACTCGTTAA","BRDN0000737714","SGR000121712.1_XPR003.1","",""
"AAGCGTGAGATTCACCGCCG","BRDN0000738016","SGR000122014.1_XPR003.1","",""
"AAGGCCTTAACACGTCGACC","BRDN0000737416","SGR000121414.1_XPR003.1","",""
"AAGGCGTAAACGAGTACACG","BRDN0000737993","SGR000121991.1_XPR003.1","",""
"AAGGGTAAGTACAGTATCGT","BRDN0000738351","SGR000122349.1_XPR003.1","",""
"AAGTCCCCTTCGGGAACTCC","BRDN0000738301","SGR000122299.1_XPR003.1","",""
"AAGTCTATGCGGGGCTCGTA","BRDN0000737395","SGR000121393.1_XPR003.1","",""
"AATAAGCCTACCCGGCGAGA","BRDN0000737589","SGR000121587.1_XPR003.1","",""
"AATACCGTACCGACTCAGTG","BRDN0000738249","SGR000122247.1_XPR003.1","",""
"AATAGGAACTCCGCACCCGA","BRDN0000737888","SGR000121886.1_XPR003.1","",""
"AATCAACCGTGATAGTCTCG","BRDN0000738271","SGR000122269.1_XPR003.1","",""
"AATCACCGACAACGTAAGAC","BRDN0000737634","SGR000121632.1_XPR003.1","",""
"AATGAAGCACCGATTGCGGA","BRDN0000737454","SGR000121452.1_XPR003.1","",""
"AATGAGCGTCTCTCGATCGC","BRDN0000737646","SGR000121644.1_XPR003.1","",""
"AATGAGCTTCGAGTTCGTCT","BRDN0000737994","SGR000121992.1_XPR003.1","",""
"AATGCTGCGTACGATAACCG","BRDN0000738027","SGR000122025.1_XPR003.1","",""
"AATTCTGAGATTCCGCGGCT","BRDN0000738315","SGR000122313.1_XPR003.1","",""
"AATTGTCTGATCGCGCCATA","BRDN0000737773","SGR000121771.1_XPR003.1","",""
"AATTTTTTCGGAATCTAGCG","BRDN0000737873","SGR000121871.1_XPR003.1","",""
"ACAACAATTACTGGCCGCGA","BRDN0000738210","SGR000122208.1_XPR003.1","",""
"ACAACACGCCGACACGTCTA","BRDN0000737517","SGR000121515.1_XPR003.1","",""
"ACAATTCGGTTTATGCGCGT","BRDN0000737828","SGR000121826.1_XPR003.1","",""
"ACACAAACTGGTCGTAGATG","BRDN0000738158","SGR000122156.1_XPR003.1","",""
"ACACCCGTGTATGCACCGGG","BRDN0000737857","SGR000121855.1_XPR003.1","",""
"ACACGACCGACCGGTGGAAT","BRDN0000737608","SGR000121606.1_XPR003.1","",""
"ACACGTCTTCGGCTATACGC","BRDN0000737566","SGR000121564.1_XPR003.1","",""
"ACAGACCGAATAACCGACGA","BRDN0000737823","SGR000121821.1_XPR003.1","",""
"ACAGAGTCGTGTGCCGAACG","BRDN0000738188","SGR000122186.1_XPR003.1","",""
"ACAGCAGGGGCCGCGAATAA","BRDN0000737471","SGR000121469.1_XPR003.1","",""
"ACAGCGGCCTAATACTTCGC","BRDN0000737464","SGR000121462.1_XPR003.1","",""
"ACCAACGCTACGATCCCGGA","BRDN0000737400","SGR000121398.1_XPR003.1","",""
"ACCAATAACGGGTACAAGTC","BRDN0000738102","SGR000122100.1_XPR003.1","",""
"ACCACCGTGCCGGGGACGCG","BRDN0000738242","SGR000122240.1_XPR003.1","",""
"ACCAGGACTGCCGCGTGAGG","BRDN0000737537","SGR000121535.1_XPR003.1","",""
"ACCAGGCGCGGACCGCACAT","BRDN0000737842","SGR000121840.1_XPR003.1","",""
"ACCATACGGGGTCTTGTCGA","BRDN0000737640","SGR000121638.1_XPR003.1","",""
"ACCATAGTTTCAACCTGCGG","BRDN0000738161","SGR000122159.1_XPR003.1","",""
"ACCATCCGATATTACGAGCA","BRDN0000738072","SGR000122070.1_XPR003.1","",""
"ACCATGATGTCACCGCCGCA","BRDN0000737717","SGR000121715.1_XPR003.1","",""
"ACCCACGTATGTACTCGGGA","BRDN0000738377","SGR000122375.1_XPR003.1","",""
"ACCCAGATTCGCATTCGGAT","BRDN0000738349","SGR000122347.1_XPR003.1","",""
"ACCCATCCCCGCGTCCGAGA","BRDN0000737629","SGR000121627.1_XPR003.1","",""
"ACCCATCGGGTGCGATATGG","BRDN0000737387","SGR000121385.1_XPR003.1","",""
"ACCCGCATATGCCGCCTAAG","BRDN0000737767","SGR000121765.1_XPR003.1","",""
"ACCCTAGCCTCATCGCGACC","BRDN0000737574","SGR000121572.1_XPR003.1","",""
"ACCGCACGTTCTCGCAGAGA","BRDN0000738174","SGR000122172.1_XPR003.1","",""
"ACCGCGCATCATTGACGGTG","BRDN0000738035","SGR000122033.1_XPR003.1","",""
"ACCGGACTGCGATATGCCGT","BRDN0000737552","SGR000121550.1_XPR003.1","",""
"ACCGGATGTGGGCGCCTCTC","BRDN0000737561","SGR000121559.1_XPR003.1","",""
"ACCGGTCGAAGTCTGGGATT","BRDN0000737545","SGR000121543.1_XPR003.1","",""
"ACCGGTTCAGCCGCCGGAAC","BRDN0000737786","SGR000121784.1_XPR003.1","",""
"ACCGTACAAGACTCGCTCCA","BRDN0000738288","SGR000122286.1_XPR003.1","",""
"ACCGTCTCTATTATACGGCA","BRDN0000737804","SGR000121802.1_XPR003.1","",""
"ACCGTCTGATGTTCCCGGCT","BRDN0000738362","SGR000122360.1_XPR003.1","",""
"ACCGTTGTTTCCGTCGAAAC","BRDN0000737869","SGR000121867.1_XPR003.1","",""
"ACCTCGTGCAAATCGGTGGC","BRDN0000737881","SGR000121879.1_XPR003.1","",""
"ACCTTGTGTTCGACGGTAGG","BRDN0000738216","SGR000122214.1_XPR003.1","",""
"ACGACGAGAGATACTTAGGC","BRDN0000738135","SGR000122133.1_XPR003.1","",""
"ACGACGTCCGCTGTGTGTAT","BRDN0000737964","SGR000121962.1_XPR003.1","",""
"ACGAGGAGAAGTCGAGTATT","BRDN0000738118","SGR000122116.1_XPR003.1","",""
"ACGCAAGCGGAACGCGTCTA","BRDN0000738086","SGR000122084.1_XPR003.1","",""
"ACGCACCCATACAGGCGCTT","BRDN0000738048","SGR000122046.1_XPR003.1","",""
"ACGCGAAGTGTCGCAGAGTG","BRDN0000737488","SGR000121486.1_XPR003.1","",""
"ACGCTATAGTGTACGTCTAA","BRDN0000737521","SGR000121519.1_XPR003.1","",""
"ACGCTCTTGGCAGATAATCG","BRDN0000738184","SGR000122182.1_XPR003.1","",""
"ACGCTGTTCGTAACCGCGGG","BRDN0000737748","SGR000121746.1_XPR003.1","",""
"ACGGAACCCGATCGGAACGG","BRDN0000737641","SGR000121639.1_XPR003.1","",""
"ACGGATTGCTGACGCTATCA","BRDN0000737818","SGR000121816.1_XPR003.1","",""
"ACGGGTCAACTTCTTGCCGC","BRDN0000738217","SGR000122215.1_XPR003.1","",""
"ACGGTCCCAACGAGCGCCGG","BRDN0000737441","SGR000121439.1_XPR003.1","",""
"ACGGTCCCTCTCGGGTCAAT","BRDN0000737473","SGR000121471.1_XPR003.1","",""
"ACGGTCGAGCACGGTTATGA","BRDN0000737845","SGR000121843.1_XPR003.1","",""
"ACGTCGATGCTTATCCGTCT","BRDN0000737878","SGR000121876.1_XPR003.1","",""
"ACGTCGGTCTAGAGTTAAGT","BRDN0000737612","SGR000121610.1_XPR003.1","",""
"ACGTGTAAGGCGAACGCCTT","BRDN0000737383","SGR000121381.1_XPR003.1","",""
"ACGTGTTCTCGTACTTAGCT","BRDN0000737995","SGR000121993.1_XPR003.1","",""
"ACGTTGCAGCTCGCGTTTCG","BRDN0000738032","SGR000122030.1_XPR003.1","",""
"ACTAAGGAGTCCCGGTCCGA","BRDN0000738335","SGR000122333.1_XPR003.1","",""
"ACTAGCTCCATAACGTGTAC","BRDN0000737743","SGR000121741.1_XPR003.1","",""
"ACTCACCTCGCACGATCGTA","BRDN0000737856","SGR000121854.1_XPR003.1","",""
"ACTCGACCTAACGTCGATGT","BRDN0000737548","SGR000121546.1_XPR003.1","",""
"ACTCGCGAAACCGTACATGA","BRDN0000737825","SGR000121823.1_XPR003.1","",""
"ACTGCGCGTATAGGACGCAA","BRDN0000737651","SGR000121649.1_XPR003.1","",""
"ACTGTCCCATTGTACGACGG","BRDN0000737753","SGR000121751.1_XPR003.1","",""
"ACTTCCCGCGGTTCCGTTGA","BRDN0000737901","SGR000121899.1_XPR003.1","",""
"ACTTGTATACGACGGCTAGA","BRDN0000737757","SGR000121755.1_XPR003.1","",""
"ACTTTACATCATGTCGTCGT","BRDN0000737705","SGR000121703.1_XPR003.1","",""
"AGAAAGGCACGTGCGACGTC","BRDN0000737402","SGR000121400.1_XPR003.1","",""
"AGAAATCCAGTCCCGCCTAA","BRDN0000738130","SGR000122128.1_XPR003.1","",""
"AGACCTCGTTAGCCGTAGCT","BRDN0000738092","SGR000122090.1_XPR003.1","",""
"AGACGTTGATTTACCGGCCA","BRDN0000737749","SGR000121747.1_XPR003.1","",""
"AGACTCGTGTGCCACGAGGA","BRDN0000738338","SGR000122336.1_XPR003.1","",""
"AGAGGCGGAGCAATACTCGC","BRDN0000738090","SGR000122088.1_XPR003.1","",""
"AGATAGCGCAATCCCGCATG","BRDN0000738041","SGR000122039.1_XPR003.1","",""
"AGATTCTCGCGTAACCAGAG","BRDN0000737827","SGR000121825.1_XPR003.1","",""
"AGCACGCGCACAAGAGCCGC","BRDN0000737915","SGR000121913.1_XPR003.1","",""
"AGCACTAGGATCGCGGCCTT","BRDN0000737423","SGR000121421.1_XPR003.1","",""
"AGCAGTTCGGGTAACGCCCA","BRDN0000737591","SGR000121589.1_XPR003.1","",""
"AGCATGGAGTCAACGTCCGC","BRDN0000737759","SGR000121757.1_XPR003.1","",""
"AGCCGCGCCGCAAAGCTTTT","BRDN0000737607","SGR000121605.1_XPR003.1","",""
"AGCCGGGCTTTCCGTCAAGC","BRDN0000737472","SGR000121470.1_XPR003.1","",""
"AGCCTAGTCGCGCTAATATT","BRDN0000737493","SGR000121491.1_XPR003.1","",""
"AGCGAGTGTCCGTGACGTTC","BRDN0000737874","SGR000121872.1_XPR003.1","",""
"AGCGATGTTCACGCACAGCG","BRDN0000738164","SGR000122162.1_XPR003.1","",""
"AGCGCCATAGGACGCCAAAC","BRDN0000738344","SGR000122342.1_XPR003.1","",""
"AGCGCGTAAGGCGTAGTTAC","BRDN0000737585","SGR000121583.1_XPR003.1","",""
"AGCGTATCTTATGTACCGCT","BRDN0000738152","SGR000122150.1_XPR003.1","",""
"AGCGTCCACGCGTCTATGGA","BRDN0000738208","SGR000122206.1_XPR003.1","",""
"AGCGTGTCGAGAACGGCTTG","BRDN0000738224","SGR000122222.1_XPR003.1","",""
"AGCGTTCGCAGCTGGTCAAC","BRDN0000738300","SGR000122298.1_XPR003.1","",""
"AGCTATCCCCACGTTCGCGG","BRDN0000737831","SGR000121829.1_XPR003.1","",""
"AGCTTAGATCGTGCGTCGTA","BRDN0000737448","SGR000121446.1_XPR003.1","",""
"AGGACTATCCGCGGGATTAG","BRDN0000738143","SGR000122141.1_XPR003.1","",""
"AGGCAGCCCGCGTTAGAGAT","BRDN0000737765","SGR000121763.1_XPR003.1","",""
"AGGCCCCGAGACGCGCCACA","BRDN0000738049","SGR000122047.1_XPR003.1","",""
"AGGGCAATCGCGTGCCCAAC","BRDN0000738181","SGR000122179.1_XPR003.1","",""
"AGGGTTAGGCTGACCCGCGA","BRDN0000737830","SGR000121828.1_XPR003.1","",""
"AGGTCCGCTGGCGCAATGGG","BRDN0000737891","SGR000121889.1_XPR003.1","",""
"AGGTCGTGGACCCGCATGTA","BRDN0000738193","SGR000122191.1_XPR003.1","",""
"AGGTGCGTGTCAACCGGTAG","BRDN0000737504","SGR000121502.1_XPR003.1","",""
"AGTACACTACATCGACTTCG","BRDN0000737905","SGR000121903.1_XPR003.1","",""
"AGTACAGCCGACGAGTGCGA","BRDN0000738245","SGR000122243.1_XPR003.1","",""
"AGTAGACGCTATGTTCGCGC","BRDN0000737695","SGR000121693.1_XPR003.1","",""
"AGTAGAGTCGCGAACGCTAC","BRDN0000738196","SGR000122194.1_XPR003.1","",""
"AGTCACTAGGCGCTCTCGCG","BRDN0000738153","SGR000122151.1_XPR003.1","",""
"AGTCAGCTCCGGGGTATACG","BRDN0000738030","SGR000122028.1_XPR003.1","",""
"AGTCATCCTCTATGCGCGTA","BRDN0000737530","SGR000121528.1_XPR003.1","",""
"AGTCCCACGTTTGCCGTCAA","BRDN0000738256","SGR000122254.1_XPR003.1","",""
"AGTCCGGTCGAAATCTGTAT","BRDN0000738047","SGR000122045.1_XPR003.1","",""
"AGTGCCGGGGGTGTATACCG","BRDN0000738083","SGR000122081.1_XPR003.1","",""
"AGTGTCACGGCAAAGTCGAG","BRDN0000737942","SGR000121940.1_XPR003.1","",""
"AGTTAAGCGCGTATCTACGT","BRDN0000738046","SGR000122044.1_XPR003.1","",""
"AGTTAAGCTCCAATCGTCTG","BRDN0000738113","SGR000122111.1_XPR003.1","",""
"AGTTTACGTGGTCCGATGTC","BRDN0000737741","SGR000121739.1_XPR003.1","",""
"ATAAAGTCCCAGGTGCGCGC","BRDN0000737614","SGR000121612.1_XPR003.1","",""
"ATAACTTACTCGTTACGACT","BRDN0000738236","SGR000122234.1_XPR003.1","",""
"ATAACTTATGCGCTTCGGGG","BRDN0000738376","SGR000122374.1_XPR003.1","",""
"ATAATGCGCGCGAATACTTA","BRDN0000738163","SGR000122161.1_XPR003.1","",""
"ATACCTCCGCTACACCGTCT","BRDN0000738058","SGR000122056.1_XPR003.1","",""
"ATACGCATAGATCGGTAAGC","BRDN0000738292","SGR000122290.1_XPR003.1","",""
"ATACGCGTGATGACCTTATG","BRDN0000737899","SGR000121897.1_XPR003.1","",""
"ATAGATGTCTACGCGCCGTT","BRDN0000737397","SGR000121395.1_XPR003.1","",""
"ATAGCCCGGTTTGCCCGTCT","BRDN0000738232","SGR000122230.1_XPR003.1","",""
"ATAGGCGCACGGGCTACTCC","BRDN0000737826","SGR000121824.1_XPR003.1","",""
"ATATCGAATGATGTCCGCAT","BRDN0000738260","SGR000122258.1_XPR003.1","",""
"ATATGAGCCCGACCTCTCGA","BRDN0000737736","SGR000121734.1_XPR003.1","",""
"ATATGCTCGACCCATCGTCC","BRDN0000737871","SGR000121869.1_XPR003.1","",""
"ATATTGTCCCATACGATCGG","BRDN0000737619","SGR000121617.1_XPR003.1","",""
"ATCACACGTTAAACGGGGCG","BRDN0000737866","SGR000121864.1_XPR003.1","",""
"ATCATGCCTTCGCATTAACC","BRDN0000737832","SGR000121830.1_XPR003.1","",""
"ATCCACGCTCCGCGGTACTT","BRDN0000738329","SGR000122327.1_XPR003.1","",""
"ATCCCCCCGACTTAGGGATT","BRDN0000737962","SGR000121960.1_XPR003.1","",""
"ATCCGAGATCTGCGAATTAT","BRDN0000737715","SGR000121713.1_XPR003.1","",""
"ATCCGGGCATAGCGTTTAAA","BRDN0000738203","SGR000122201.1_XPR003.1","",""
"ATCCGTACCAAACACGCTAC","BRDN0000737699","SGR000121697.1_XPR003.1","",""
"ATCGAGCACCGAGTTGTGAT","BRDN0000737850","SGR000121848.1_XPR003.1","",""
"ATCGATATTGATAAACGCGA","BRDN0000738155","SGR000122153.1_XPR003.1","",""
"ATCGCAGGTCTACGCAGAGT","BRDN0000737623","SGR000121621.1_XPR003.1","",""
"ATCGCCTAGCCCAAGCGACG","BRDN0000737980","SGR000121978.1_XPR003.1","",""
"ATCGCGGCGCGTTAAGGCAG","BRDN0000737926","SGR000121924.1_XPR003.1","",""
"ATCGCTAATTTACGAAGGCG","BRDN0000738258","SGR000122256.1_XPR003.1","",""
"ATCGTAAATTACACGTACAG","BRDN0000738219","SGR000122217.1_XPR003.1","",""
"ATCTTAACCAGCGCATCCCG","BRDN0000738322","SGR000122320.1_XPR003.1","",""
"ATGACACTTACGGTACTCGT","BRDN0000738247","SGR000122245.1_XPR003.1","",""
"ATGACCTCTTCGTTCGAGAG","BRDN0000738319","SGR000122317.1_XPR003.1","",""
"ATGATGTGATCCTTCGCCGA","BRDN0000738263","SGR000122261.1_XPR003.1","",""
"ATGCCAATGCCGTTGTTAGC","BRDN0000737975","SGR000121973.1_XPR003.1","",""
"ATGGACCCTTCAGTGCGGTA","BRDN0000738286","SGR000122284.1_XPR003.1","",""
"ATGGGAAAGCCCACGACAAT","BRDN0000738201","SGR000122199.1_XPR003.1","",""
"ATGGTGGCTGTACTCGTAAC","BRDN0000737603","SGR000121601.1_XPR003.1","",""
"ATGTGTATGAAGCCCGTCAT","BRDN0000737972","SGR000121970.1_XPR003.1","",""
"ATGTGTCATAGCGGCGTAGG","BRDN0000737720","SGR000121718.1_XPR003.1","",""
"ATGTTACGTACGTGATCTCC","BRDN0000737694","SGR000121692.1_XPR003.1","",""
"ATGTTGCAGCGCTGTACGCC","BRDN0000738167","SGR000122165.1_XPR003.1","",""
"ATGTTGCAGTTCGGCTCGAT","BRDN0000737382","SGR000121380.1_XPR003.1","",""
"ATTAGGTGACTGGAACACGT","BRDN0000738053","SGR000122051.1_XPR003.1","",""
"ATTATAGCAGCCCCCCGAAT","BRDN0000737798","SGR000121796.1_XPR003.1","",""
"ATTATTCCTCCGGATGACGA","BRDN0000737404","SGR000121402.1_XPR003.1","",""
"ATTCAGTGTACCGGTCAAAT","BRDN0000738218","SGR000122216.1_XPR003.1","",""
"ATTCCGTTTGCAGCGAGACC","BRDN0000737643","SGR000121641.1_XPR003.1","",""
"ATTCGGACCGTTATCTCACC","BRDN0000737793","SGR000121791.1_XPR003.1","",""
"ATTCGTGCATCGCGGGGTTT","BRDN0000737417","SGR000121415.1_XPR003.1","",""
"ATTGTTCGACCGTCTACGGG","BRDN0000737386","SGR000121384.1_XPR003.1","",""
"ATTTGAATGCTCCCGTCGAC","BRDN0000737688","SGR000121686.1_XPR003.1","",""
"ATTTGCCCGTCCATACGCGG","BRDN0000737951","SGR000121949.1_XPR003.1","",""
"CAAACGAGGCCACGTACGTG","BRDN0000738036","SGR000122034.1_XPR003.1","",""
"CAAAGTAACTATCTCGTCGA","BRDN0000738264","SGR000122262.1_XPR003.1","",""
"CAACACGTGCGAGCGAACTG","BRDN0000738220","SGR000122218.1_XPR003.1","",""
"CAACCGTGCGATGCGCGCTA","BRDN0000737460","SGR000121458.1_XPR003.1","",""
"CAACCTGCCTAGCGACCCGC","BRDN0000737809","SGR000121807.1_XPR003.1","",""
"CAACGATCAGGCGTGTTATC","BRDN0000737470","SGR000121468.1_XPR003.1","",""
"CAACGGTCACGCTAGAATAA","BRDN0000737689","SGR000121687.1_XPR003.1","",""
"CAAGAGTTAACCTCGACCGG","BRDN0000737666","SGR000121664.1_XPR003.1","",""
"CAAGGATCGTGCCGTGATTT","BRDN0000737932","SGR000121930.1_XPR003.1","",""
"CAAGGGGTGGTCATTGCGAC","BRDN0000738207","SGR000122205.1_XPR003.1","",""
"CAATACACCGTTAACCCTCT","BRDN0000738096","SGR000122094.1_XPR003.1","",""
"CAATATCTAAGCGCTAACGA","BRDN0000737628","SGR000121626.1_XPR003.1","",""
"CAATATGCACGTAGCCTCGT","BRDN0000737990","SGR000121988.1_XPR003.1","",""
"CAATATTCGACCTACGCTCC","BRDN0000737723","SGR000121721.1_XPR003.1","",""
"CAATGGCGTCTGCCGTTCAG","BRDN0000737943","SGR000121941.1_XPR003.1","",""
"CACAACGCCTACCAGCGGAC","BRDN0000737950","SGR000121948.1_XPR003.1","",""
"CACAATACGCGGCAGAGGTC","BRDN0000737769","SGR000121767.1_XPR003.1","",""
"CACACGCCGCGGGCCGTGAG","BRDN0000738103","SGR000122101.1_XPR003.1","",""
"CACCCCGTAGCAACGATAAA","BRDN0000737507","SGR000121505.1_XPR003.1","",""
"CACCCGACTCGGCCGTAAAG","BRDN0000737459","SGR000121457.1_XPR003.1","",""
"CACCGCTGCCCTAGTACCGG","BRDN0000737763","SGR000121761.1_XPR003.1","",""
"CACCTATTCCCCTCCGCAAC","BRDN0000738342","SGR000122340.1_XPR003.1","",""
"CACCTCGCGTCATATCACTA","BRDN0000737418","SGR000121416.1_XPR003.1","",""
"CACCTTTCGAGGTAACACCG","BRDN0000738156","SGR000122154.1_XPR003.1","",""
"CACGAATAACTACAGGTTGC","BRDN0000738367","SGR000122365.1_XPR003.1","",""
"CACGCAGGAGCGGCGACACT","BRDN0000737882","SGR000121880.1_XPR003.1","",""
"CACGCCTTCGTCAACCCTAT","BRDN0000738065","SGR000122063.1_XPR003.1","",""
"CACGGCAGGCATCTCGTCTA","BRDN0000738062","SGR000122060.1_XPR003.1","",""
"CACGGGCAGCGATCTAGTTG","BRDN0000738262","SGR000122260.1_XPR003.1","",""
"CACGTAAGACGCTCCACTTA","BRDN0000737621","SGR000121619.1_XPR003.1","",""
"CACGTATACTTAGGTCAGCG","BRDN0000737849","SGR000121847.1_XPR003.1","",""
"CACTCAGCGGTTGGACGCCC","BRDN0000737635","SGR000121633.1_XPR003.1","",""
"CAGAAACTCTTACCGAGCGC","BRDN0000737998","SGR000121996.1_XPR003.1","",""
"CAGCACCACGCGTCGTGCGG","BRDN0000737946","SGR000121944.1_XPR003.1","",""
"CAGCCACCGCACCGGCGTAA","BRDN0000737392","SGR000121390.1_XPR003.1","",""
"CAGCGACTCTGATCGGCGTA","BRDN0000738148","SGR000122146.1_XPR003.1","",""
"CAGCTCACCCTGCGTACGGT","BRDN0000737557","SGR000121555.1_XPR003.1","",""
"CAGCTGACCGTTAATCGATA","BRDN0000737779","SGR000121777.1_XPR003.1","",""
"CAGGGACGTAGCCGCCGTTA","BRDN0000737527","SGR000121525.1_XPR003.1","",""
"CAGGTTTCCCCTAGTCGAAT","BRDN0000738154","SGR000122152.1_XPR003.1","",""
"CAGTGCCGGTAGCGGCACGG","BRDN0000737963","SGR000121961.1_XPR003.1","",""
"CATACCCGCGCCGTGACTCC","BRDN0000737478","SGR000121476.1_XPR003.1","",""
"CATACCCGGTGTTTCCTAGC","BRDN0000738241","SGR000122239.1_XPR003.1","",""
"CATACTGTTATCGACCCGCA","BRDN0000737834","SGR000121832.1_XPR003.1","",""
"CATAGATCCGCGATTGTACG","BRDN0000737802","SGR000121800.1_XPR003.1","",""
"CATAGCAACGCCCAAACTCG","BRDN0000737751","SGR000121749.1_XPR003.1","",""
"CATATACTCTTGCGCTAGAC","BRDN0000737877","SGR000121875.1_XPR003.1","",""
"CATATGCCTATAACCGGCGG","BRDN0000737701","SGR000121699.1_XPR003.1","",""
"CATATGCTCGACGGTATAAA","BRDN0000737684","SGR000121682.1_XPR003.1","",""
"CATCAGCCCATTATGACTCG","BRDN0000738042","SGR000122040.1_XPR003.1","",""
"CATCCCCCGACTACGACTAC","BRDN0000738105","SGR000122103.1_XPR003.1","",""
"CATCGAGGGTAAACGCCATT","BRDN0000737632","SGR000121630.1_XPR003.1","",""
"CATCGCCGACGATCCTCTGG","BRDN0000738230","SGR000122228.1_XPR003.1","",""
"CATCGGCTATGTCGGGGACA","BRDN0000737645","SGR000121643.1_XPR003.1","",""
"CATCGGTAGTCACTACGCCC","BRDN0000738033","SGR000122031.1_XPR003.1","",""
"CATCGTAACACACGTACGAG","BRDN0000737469","SGR000121467.1_XPR003.1","",""
"CATCTATGAGACGTGCGTAC","BRDN0000737510","SGR000121508.1_XPR003.1","",""
"CATGCCCGTCTGCGCCGCAT","BRDN0000737653","SGR000121651.1_XPR003.1","",""
"CATGGGACCCCCCCTCACGT","BRDN0000738302","SGR000122300.1_XPR003.1","",""
"CATTACGTGTCGAGCTCCGG","BRDN0000737562","SGR000121560.1_XPR003.1","",""
"CATTCGGTCCGTTCATCTCG","BRDN0000737476","SGR000121474.1_XPR003.1","",""
"CATTCTCTGACGAATGCGCC","BRDN0000737961","SGR000121959.1_XPR003.1","",""
"CATTGTAGACTCGTACGGAT","BRDN0000737679","SGR000121677.1_XPR003.1","",""
"CATTTCCGGGGTCCGATGCA","BRDN0000738001","SGR000121999.1_XPR003.1","",""
"CCAACATCGGGGCGCATAAT","BRDN0000738299","SGR000122297.1_XPR003.1","",""
"CCAACCCGGCATCGTCCGCT","BRDN0000737934","SGR000121932.1_XPR003.1","",""
"CCAACCTAAGGCAATACGGT","BRDN0000738269","SGR000122267.1_XPR003.1","",""
"CCAAGGCGCACGCTACGTGG","BRDN0000738265","SGR000122263.1_XPR003.1","",""
"CCAGCGGACGGCGAACTCCA","BRDN0000737859","SGR000121857.1_XPR003.1","",""
"CCAGCTAACGTTTTAGTACG","BRDN0000737983","SGR000121981.1_XPR003.1","",""
"CCATCGGTTCGACTTACCGC","BRDN0000737644","SGR000121642.1_XPR003.1","",""
"CCATTAGTACGAACATTGCG","BRDN0000737929","SGR000121927.1_XPR003.1","",""
"CCCACTTAATAACGCCGCTT","BRDN0000737639","SGR000121637.1_XPR003.1","",""
"CCCATCATTCGCGCTGACGT","BRDN0000737697","SGR000121695.1_XPR003.1","",""
"CCCATTCAACACCGTTTGTA","BRDN0000738231","SGR000122229.1_XPR003.1","",""
"CCCCTATAGGCGCGCTAAGG","BRDN0000737913","SGR000121911.1_XPR003.1","",""
"CCCCTTCGATATCCGATGAC","BRDN0000737570","SGR000121568.1_XPR003.1","",""
"CCCGCCTGGCGATTCACGGG","BRDN0000737492","SGR000121490.1_XPR003.1","",""
"CCCGGCAGACTAACTAGCGC","BRDN0000737907","SGR000121905.1_XPR003.1","",""
"CCCGGGTACACCAATAGCCA","BRDN0000738160","SGR000122158.1_XPR003.1","",""
"CCCGGTCGGGGATACTAACT","BRDN0000738282","SGR000122280.1_XPR003.1","",""
"CCCGTAGGGGTCGTGGTTTT","BRDN0000738169","SGR000122167.1_XPR003.1","",""
"CCCTAAACCATAGTTTCGCC","BRDN0000737861","SGR000121859.1_XPR003.1","",""
"CCCTAGCTCGGTTAGAGAAT","BRDN0000737862","SGR000121860.1_XPR003.1","",""
"CCCTATATGCGAGATCCATA","BRDN0000737401","SGR000121399.1_XPR003.1","",""
"CCCTCGGTTGAGCAGCGCGA","BRDN0000738015","SGR000122013.1_XPR003.1","",""
"CCCTGATGTGCTATACGCGC","BRDN0000737812","SGR000121810.1_XPR003.1","",""
"CCCTTAAAGTGACGGACGAA","BRDN0000737837","SGR000121835.1_XPR003.1","",""
"CCGACCGTGTGAGAGTACGT","BRDN0000738289","SGR000122287.1_XPR003.1","",""
"CCGACTGCCGAGCTAGGCGT","BRDN0000737781","SGR000121779.1_XPR003.1","",""
"CCGAGAGGTACTCCAATTCG","BRDN0000738209","SGR000122207.1_XPR003.1","",""
"CCGAGATGGCTCGGATAGAC","BRDN0000737914","SGR000121912.1_XPR003.1","",""
"CCGAGCACCCTATTTATCTA","BRDN0000738106","SGR000122104.1_XPR003.1","",""
"CCGAGCCGAATTGGGCGTGT","BRDN0000737711","SGR000121709.1_XPR003.1","",""
"CCGATACCATTGTCACCAAT","BRDN0000738357","SGR000122355.1_XPR003.1","",""
"CCGCACCGCAGTCATGGTAA","BRDN0000738115","SGR000122113.1_XPR003.1","",""
"CCGCCCCTGCGAACTGCGTT","BRDN0000737519","SGR000121517.1_XPR003.1","",""
"CCGCCCGGGTGTGAGTTGAG","BRDN0000737892","SGR000121890.1_XPR003.1","",""
"CCGCGCATTAACGATCAGTA","BRDN0000737879","SGR000121877.1_XPR003.1","",""
"CCGCGCCGTTAGGGAACGAG","BRDN0000737385","SGR000121383.1_XPR003.1","",""
"CCGCGTGACGCAATCCCTTG","BRDN0000738120","SGR000122118.1_XPR003.1","",""
"CCGCTTGGGCGCTATTAATT","BRDN0000737745","SGR000121743.1_XPR003.1","",""
"CCGGACTTGTTATACTTGAT","BRDN0000737761","SGR000121759.1_XPR003.1","",""
"CCGGAGCGCGTTGCAGTTCT","BRDN0000738043","SGR000122041.1_XPR003.1","",""
"CCGGATCGGCTACGCTACGG","BRDN0000737722","SGR000121720.1_XPR003.1","",""
"CCGGCGCTGCGGTCGGCTTG","BRDN0000738006","SGR000122004.1_XPR003.1","",""
"CCGGCTTGAATACCGTGCGG","BRDN0000737605","SGR000121603.1_XPR003.1","",""
"CCGGGCGCCGTATCCCCTAC","BRDN0000738002","SGR000122000.1_XPR003.1","",""
"CCGGTTTATAAATTACGTGG","BRDN0000737556","SGR000121554.1_XPR003.1","",""
"CCGTATACGTATCTATGCCG","BRDN0000737463","SGR000121461.1_XPR003.1","",""
"CCGTCGAGCAATCCCGCCAA","BRDN0000737626","SGR000121624.1_XPR003.1","",""
"CCGTGATTTCGGTAGCGTAC","BRDN0000738039","SGR000122037.1_XPR003.1","",""
"CCGTTCAATTATGCTGGCGT","BRDN0000737982","SGR000121980.1_XPR003.1","",""
"CCGTTCTGACGACGCTAAAG","BRDN0000737433","SGR000121431.1_XPR003.1","",""
"CCGTTTCGCCTATTGGTGCG","BRDN0000737450","SGR000121448.1_XPR003.1","",""
"CCTAACTCGAAGTCTCGTCA","BRDN0000738133","SGR000122131.1_XPR003.1","",""
"CCTACTAACGACGAGTCAAA","BRDN0000738000","SGR000121998.1_XPR003.1","",""
"CCTATTAGTCCGGTTTAGTC","BRDN0000737880","SGR000121878.1_XPR003.1","",""
"CCTCAAATAGCGAACGTCAA","BRDN0000738094","SGR000122092.1_XPR003.1","",""
"CCTCCAGTAGCGTCATTAAC","BRDN0000738358","SGR000122356.1_XPR003.1","",""
"CCTCCTTCAGTTCGATCTGG","BRDN0000738327","SGR000122325.1_XPR003.1","",""
"CCTGCTATTCTCGCATGCGA","BRDN0000738324","SGR000122322.1_XPR003.1","",""
"CCTTACGGCGGAGAACGAGT","BRDN0000737976","SGR000121974.1_XPR003.1","",""
"CCTTAGACCGGGTGTACCTC","BRDN0000737394","SGR000121392.1_XPR003.1","",""
"CCTTCGGATTCGTAGGCTGG","BRDN0000737502","SGR000121500.1_XPR003.1","",""
"CCTTGTGGCGTGCCAAACGA","BRDN0000737594","SGR000121592.1_XPR003.1","",""
"CCTTTGATGGGCGCGTACTC","BRDN0000738014","SGR000122012.1_XPR003.1","",""
"CGAAACCATACCTCCTTCGA","BRDN0000737616","SGR000121614.1_XPR003.1","",""
"CGAAAGGCCCGACTGCGTGG","BRDN0000738166","SGR000122164.1_XPR003.1","",""
"CGAACTTCTACCGTTGTGCG","BRDN0000738004","SGR000122002.1_XPR003.1","",""
"CGAAGTACACGGTTCTCTCG","BRDN0000737768","SGR000121766.1_XPR003.1","",""
"CGAATCGGGAAGGCGCGTGT","BRDN0000737583","SGR000121581.1_XPR003.1","",""
"CGAATGCACAGGCTCGCGGT","BRDN0000738223","SGR000122221.1_XPR003.1","",""
"CGAATGCGCCGGAGAATATT","BRDN0000737491","SGR000121489.1_XPR003.1","",""
"CGACACGATGGTCATACTAC","BRDN0000737547","SGR000121545.1_XPR003.1","",""
"CGACACTTGGGCTGACGCGC","BRDN0000737481","SGR000121479.1_XPR003.1","",""
"CGACGACCCATTTCGGTTAT","BRDN0000737729","SGR000121727.1_XPR003.1","",""
"CGACGACCTTGGATTGGCAG","BRDN0000738297","SGR000122295.1_XPR003.1","",""
"CGACGGTTGTGCTGAGGCTT","BRDN0000737927","SGR000121925.1_XPR003.1","",""
"CGACTATTGCCGTCCATCTC","BRDN0000737698","SGR000121696.1_XPR003.1","",""
"CGACTCCGGGAATATCCGTT","BRDN0000738110","SGR000122108.1_XPR003.1","",""
"CGACTCGCTTAACCGTGCAG","BRDN0000737734","SGR000121732.1_XPR003.1","",""
"CGAGACGAATCCATCATGCG","BRDN0000737870","SGR000121868.1_XPR003.1","",""
"CGAGAGAATCGTCCGTCATA","BRDN0000738287","SGR000122285.1_XPR003.1","",""
"CGAGCCTCGTCTTTCATGGG","BRDN0000738239","SGR000122237.1_XPR003.1","",""
"CGAGCTCGGCAAATTTGATT","BRDN0000738009","SGR000122007.1_XPR003.1","",""
"CGAGGATGTACATACGTAAA","BRDN0000737565","SGR000121563.1_XPR003.1","",""
"CGAGGCTTAACGCCAGATTC","BRDN0000738379","SGR000122377.1_XPR003.1","",""
"CGAGTAATTATTTGCGGTCG","BRDN0000737601","SGR000121599.1_XPR003.1","",""
"CGAGTATCAGCATGTCGACG","BRDN0000738082","SGR000122080.1_XPR003.1","",""
"CGATACGCTATAGAATAGTC","BRDN0000737948","SGR000121946.1_XPR003.1","",""
"CGATGTCGAAAGTCGGTCAA","BRDN0000737947","SGR000121945.1_XPR003.1","",""
"CGATTGACGTTGGGCTCTCA","BRDN0000737610","SGR000121608.1_XPR003.1","",""
"CGCACTTCTAGTAGCTGTCG","BRDN0000738353","SGR000122351.1_XPR003.1","",""
"CGCAGAGTTCAAATCCGCGC","BRDN0000737821","SGR000121819.1_XPR003.1","",""
"CGCATAGTGTACCGTTGCGC","BRDN0000737744","SGR000121742.1_XPR003.1","",""
"CGCCAATGGTGGCCGACTCG","BRDN0000738138","SGR000122136.1_XPR003.1","",""
"CGCCAGTATACCACATTCGT","BRDN0000738243","SGR000122241.1_XPR003.1","",""
"CGCCCCTAGTTGTCCCGCCC","BRDN0000738079","SGR000122077.1_XPR003.1","",""
"CGCCGGATGACTGGTGGATA","BRDN0000737449","SGR000121447.1_XPR003.1","",""
"CGCCTAGTATCTTCGGGGAT","BRDN0000738350","SGR000122348.1_XPR003.1","",""
"CGCGACGTACGGCTGGAGCA","BRDN0000738124","SGR000122122.1_XPR003.1","",""
"CGCGCCGAGGGCCTCGTTAC","BRDN0000737737","SGR000121735.1_XPR003.1","",""
"CGCGCCTACCCTTTTACCGC","BRDN0000737617","SGR000121615.1_XPR003.1","",""
"CGCGCGACTGCAGCTAATCT","BRDN0000737900","SGR000121898.1_XPR003.1","",""
"CGCGCGGATATTTAAACTTC","BRDN0000737911","SGR000121909.1_XPR003.1","",""
"CGCGCGGATCTTCCGTACAA","BRDN0000737977","SGR000121975.1_XPR003.1","",""
"CGCGTATATGTCACACGGCA","BRDN0000737426","SGR000121424.1_XPR003.1","",""
"CGCTACAGTAATCGCAACGA","BRDN0000738252","SGR000122250.1_XPR003.1","",""
"CGCTCCGTATCCTCTCATAA","BRDN0000737847","SGR000121845.1_XPR003.1","",""
"CGCTCGGTAAGGTCGATTGG","BRDN0000737919","SGR000121917.1_XPR003.1","",""
"CGCTCGGTGACGTATACACG","BRDN0000737797","SGR000121795.1_XPR003.1","",""
"CGCTTCATTGCCCGAACGCT","BRDN0000737442","SGR000121440.1_XPR003.1","",""
"CGCTTCGTCTCTCGCAAACA","BRDN0000737431","SGR000121429.1_XPR003.1","",""
"CGGAATACGCCAAAACCTAT","BRDN0000738122","SGR000122120.1_XPR003.1","",""
"CGGACTTACCGCAGATTATA","BRDN0000738221","SGR000122219.1_XPR003.1","",""
"CGGATCCGGTACGGTCAGTT","BRDN0000738199","SGR000122197.1_XPR003.1","",""
"CGGATCCTCCCGTACTATCC","BRDN0000737928","SGR000121926.1_XPR003.1","",""
"CGGCAAGCGCATTCCTATGG","BRDN0000737978","SGR000121976.1_XPR003.1","",""
"CGGCAATGTGTGGCGACCGC","BRDN0000737534","SGR000121532.1_XPR003.1","",""
"CGGCCGTAGTGACGAATGGA","BRDN0000737544","SGR000121542.1_XPR003.1","",""
"CGGCGATAACAGCGACATCG","BRDN0000737672","SGR000121670.1_XPR003.1","",""
"CGGGCAATATGATCGTAGGC","BRDN0000737525","SGR000121523.1_XPR003.1","",""
"CGGGCACTAACCCGATACAC","BRDN0000737659","SGR000121657.1_XPR003.1","",""
"CGGGCGGTAAGAGCTCTACG","BRDN0000737789","SGR000121787.1_XPR003.1","",""
"CGGGCGTCACCTGCTAGTAA","BRDN0000737388","SGR000121386.1_XPR003.1","",""
"CGGGGCGTACATGTGTGGCC","BRDN0000737733","SGR000121731.1_XPR003.1","",""
"CGGGTTATAGATAGTCGTCG","BRDN0000737829","SGR000121827.1_XPR003.1","",""
"CGGTAAGATGGTTATACCGT","BRDN0000737952","SGR000121950.1_XPR003.1","",""
"CGGTAAGGTCGGTCTCCATC","BRDN0000738318","SGR000122316.1_XPR003.1","",""
"CGGTACCACGCCCCACCTCG","BRDN0000738084","SGR000122082.1_XPR003.1","",""
"CGGTCAGTCGTCTTCCCGGA","BRDN0000737799","SGR000121797.1_XPR003.1","",""
"CGGTCGATTGTGGAGTAATG","BRDN0000738234","SGR000122232.1_XPR003.1","",""
"CGGTCGTGACAGACCTGGTG","BRDN0000737624","SGR000121622.1_XPR003.1","",""
"CGGTGAGGATCCCTCTTGCG","BRDN0000737440","SGR000121438.1_XPR003.1","",""
"CGTAAACCATAACGTTGGTC","BRDN0000737523","SGR000121521.1_XPR003.1","",""
"CGTAACCGGAGATAATATTA","BRDN0000737671","SGR000121669.1_XPR003.1","",""
"CGTACCGACAGTAGTCCAAG","BRDN0000737772","SGR000121770.1_XPR003.1","",""
"CGTACGGGCGCGCCGTCCAT","BRDN0000737531","SGR000121529.1_XPR003.1","",""
"CGTAGATGCCTGCTCGAGCA","BRDN0000738170","SGR000122168.1_XPR003.1","",""
"CGTCAATGTGTCCGGACGGT","BRDN0000737752","SGR000121750.1_XPR003.1","",""
"CGTCACCGCTAGTAATGATG","BRDN0000737633","SGR000121631.1_XPR003.1","",""
"CGTCATGGCAAGATCGATAA","BRDN0000738309","SGR000122307.1_XPR003.1","",""
"CGTCCTCGCAGCGTAGACTG","BRDN0000738012","SGR000122010.1_XPR003.1","",""
"CGTCGAAGATACGCAGGCTG","BRDN0000738023","SGR000122021.1_XPR003.1","",""
"CGTCGATCCCTCTATACTGG","BRDN0000738165","SGR000122163.1_XPR003.1","",""
"CGTCGCATGTTGTTGCTCAT","BRDN0000738303","SGR000122301.1_XPR003.1","",""
"CGTGAATCGACCCTCAATAA","BRDN0000738089","SGR000122087.1_XPR003.1","",""
"CGTGATTCCTAAGCCCCCGC","BRDN0000737571","SGR000121569.1_XPR003.1","",""
"CGTGCGTTCGTAATAAAAGG","BRDN0000737569","SGR000121567.1_XPR003.1","",""
"CGTGTAGTCGGGTCGCATGT","BRDN0000738182","SGR000122180.1_XPR003.1","",""
"CGTGTGTTTACAGCCCTTAC","BRDN0000738055","SGR000122053.1_XPR003.1","",""
"CGTGTTTGGCGGCCAACTTT","BRDN0000738146","SGR000122144.1_XPR003.1","",""
"CGTGTTTTACCTCGCTTCGA","BRDN0000738011","SGR000122009.1_XPR003.1","",""
"CGTTAATAAACGCGGTTTCA","BRDN0000738078","SGR000122076.1_XPR003.1","",""
"CGTTAATCCACCGTATGGGC","BRDN0000738052","SGR000122050.1_XPR003.1","",""
"CGTTACGTTTCTTGCCAGGA","BRDN0000737655","SGR000121653.1_XPR003.1","",""
"CGTTAGACCGAATCTCCGGG","BRDN0000738099","SGR000122097.1_XPR003.1","",""
"CGTTATATCTACACTTTGCG","BRDN0000738225","SGR000122223.1_XPR003.1","",""
"CGTTATTGTACACCACGCTC","BRDN0000738008","SGR000122006.1_XPR003.1","",""
"CGTTGCGAATCCACCCTATT","BRDN0000738272","SGR000122270.1_XPR003.1","",""
"CGTTGTTTGGAGCCCGTCCA","BRDN0000738253","SGR000122251.1_XPR003.1","",""
"CTAACAGCGCCGTTATCTAC","BRDN0000738025","SGR000122023.1_XPR003.1","",""
"CTAACGTGGTAGCACTACAA","BRDN0000738205","SGR000122203.1_XPR003.1","",""
"CTAAGTCGACTGTTTCGACC","BRDN0000738189","SGR000122187.1_XPR003.1","",""
"CTAATACACCCGGACGGTAC","BRDN0000737703","SGR000121701.1_XPR003.1","",""
"CTAATACACTCCTTCTCCGC","BRDN0000738310","SGR000122308.1_XPR003.1","",""
"CTAATTCCAATATCCGTCTG","BRDN0000738045","SGR000122043.1_XPR003.1","",""
"CTACCCCCGCTGTGCAACGT","BRDN0000738341","SGR000122339.1_XPR003.1","",""
"CTACCCGTCTATTACGATCT","BRDN0000737787","SGR000121785.1_XPR003.1","",""
"CTACCGGTCACGTTGTGACC","BRDN0000738056","SGR000122054.1_XPR003.1","",""
"CTACGAGATTCGGCTAAGCT","BRDN0000738333","SGR000122331.1_XPR003.1","",""
"CTACGAGGGCCGCGAGCGGT","BRDN0000737719","SGR000121717.1_XPR003.1","",""
"CTACGGATAGGCGCGGGTGA","BRDN0000737853","SGR000121851.1_XPR003.1","",""
"CTACTTGTGACGACCTCGCG","BRDN0000737852","SGR000121850.1_XPR003.1","",""
"CTATCGGCCCGCAGTGATGG","BRDN0000737754","SGR000121752.1_XPR003.1","",""
"CTATTGGGAGCGGCCTCTCG","BRDN0000737814","SGR000121812.1_XPR003.1","",""
"CTCAAACCTCCGTTACCCCG","BRDN0000738222","SGR000122220.1_XPR003.1","",""
"CTCATGTACGCCTTCGCTAC","BRDN0000737685","SGR000121683.1_XPR003.1","",""
"CTCCCATCCCCGTAGCGGCC","BRDN0000738151","SGR000122149.1_XPR003.1","",""
"CTCCGACGACTACGCAAGGA","BRDN0000737738","SGR000121736.1_XPR003.1","",""
"CTCCGGACGTGCATCCGAGA","BRDN0000737613","SGR000121611.1_XPR003.1","",""
"CTCCTCGAGGCTGGCTACGT","BRDN0000737657","SGR000121655.1_XPR003.1","",""
"CTCGACCCAGTAGTAGACGG","BRDN0000737771","SGR000121769.1_XPR003.1","",""
"CTCGATGCCACGGAAGGCGG","BRDN0000738064","SGR000122062.1_XPR003.1","",""
"CTCGGACGGCATACGACAAT","BRDN0000737683","SGR000121681.1_XPR003.1","",""
"CTCGGAGATTCGTTAGAAGA","BRDN0000738313","SGR000122311.1_XPR003.1","",""
"CTCGGATGGTGTGTTGAACC","BRDN0000738235","SGR000122233.1_XPR003.1","",""
"CTCGGCTTTACGATCGATCA","BRDN0000737558","SGR000121556.1_XPR003.1","",""
"CTCGGGCTATTCAGCGATAG","BRDN0000737398","SGR000121396.1_XPR003.1","",""
"CTCGTATAGTATTGCGTGGT","BRDN0000737553","SGR000121551.1_XPR003.1","",""
"CTCGTATCTTTTCCCACGGC","BRDN0000738348","SGR000122346.1_XPR003.1","",""
"CTCGTCGGCTTTCGTGCTGC","BRDN0000738059","SGR000122057.1_XPR003.1","",""
"CTCGTGAAACAAGATCCGAC","BRDN0000737542","SGR000121540.1_XPR003.1","",""
"CTCGTGAACCTGTTCGCGCA","BRDN0000738363","SGR000122361.1_XPR003.1","",""
"CTCGTGTCACTCCTCGGTTC","BRDN0000737974","SGR000121972.1_XPR003.1","",""
"CTCTAATAAACCGCACAAGC","BRDN0000738291","SGR000122289.1_XPR003.1","",""
"CTCTCTGCGAGTCGATGATT","BRDN0000738081","SGR000122079.1_XPR003.1","",""
"CTGATCGGTGCATATCTCGG","BRDN0000737706","SGR000121704.1_XPR003.1","",""
"CTGCACGGCACGACATCCAA","BRDN0000737579","SGR000121577.1_XPR003.1","",""
"CTGCGTGTAACGTGTTGGGA","BRDN0000738136","SGR000122134.1_XPR003.1","",""
"CTGCTTGAACGCCTAGACGG","BRDN0000737923","SGR000121921.1_XPR003.1","",""
"CTGGGGCCGCTGAACCGCCG","BRDN0000738337","SGR000122335.1_XPR003.1","",""
"CTGTCTTCAACGTCTGGCCG","BRDN0000738112","SGR000122110.1_XPR003.1","",""
"CTTAAGTTCGCGACGGAATG","BRDN0000737690","SGR000121688.1_XPR003.1","",""
"CTTATCCATAATAGGCGGCG","BRDN0000737539","SGR000121537.1_XPR003.1","",""
"CTTATCGATTTGGGTTCAAC","BRDN0000737776","SGR000121774.1_XPR003.1","",""
"CTTCACGCCTTGGACCGATA","BRDN0000738375","SGR000122373.1_XPR003.1","",""
"CTTGAAAAAGGGGCGACTAT","BRDN0000737999","SGR000121997.1_XPR003.1","",""
"CTTGACACCTCGTCCGCATC","BRDN0000738159","SGR000122157.1_XPR003.1","",""
"CTTTAGTCACGATATACGTC","BRDN0000737554","SGR000121552.1_XPR003.1","",""
"CTTTATACCGCGCGTCGGCA","BRDN0000737437","SGR000121435.1_XPR003.1","",""
"CTTTATTCCGTTGCATGTCG","BRDN0000737713","SGR000121711.1_XPR003.1","",""
"CTTTGGCGTCGAGAAGCGCA","BRDN0000738040","SGR000122038.1_XPR003.1","",""
"GAACCACGAGCGAGCGTATA","BRDN0000737885","SGR000121883.1_XPR003.1","",""
"GAACCAGTATCTAACCCGAC","BRDN0000738117","SGR000122115.1_XPR003.1","",""
"GAACCCGGGAAACACGTCCG","BRDN0000737886","SGR000121884.1_XPR003.1","",""
"GAACCGGCGTGCGTTAGCGG","BRDN0000737668","SGR000121666.1_XPR003.1","",""
"GAACCTTCGCGCAACTTAAC","BRDN0000738212","SGR000122210.1_XPR003.1","",""
"GAACGTAACGGCATGCATCA","BRDN0000737660","SGR000121658.1_XPR003.1","",""
"GAACTCGTTAGGCCGTGAAG","BRDN0000738378","SGR000122376.1_XPR003.1","",""
"GAATTGAGCCGCAACTCGGC","BRDN0000737863","SGR000121861.1_XPR003.1","",""
"GACAATCGACACGCCGCTTC","BRDN0000738200","SGR000122198.1_XPR003.1","",""
"GACAGCCGGTTGACCGGGTC","BRDN0000738018","SGR000122016.1_XPR003.1","",""
"GACAGTTGACGCGACGGAGA","BRDN0000737811","SGR000121809.1_XPR003.1","",""
"GACAGTTGGATAACCGTGTC","BRDN0000738285","SGR000122283.1_XPR003.1","",""
"GACCAACCTTACGGTAACTC","BRDN0000737403","SGR000121401.1_XPR003.1","",""
"GACCACTATGTACTTATCGC","BRDN0000738034","SGR000122032.1_XPR003.1","",""
"GACCATACGCCTCGTATGCC","BRDN0000737533","SGR000121531.1_XPR003.1","",""
"GACCGACGGTATACCCTACT","BRDN0000737991","SGR000121989.1_XPR003.1","",""
"GACCGGCCAACGGTAGCGGC","BRDN0000738187","SGR000122185.1_XPR003.1","",""
"GACCGGTGTGTTTACGCGTG","BRDN0000737439","SGR000121437.1_XPR003.1","",""
"GACCGTCGGGATCCTTAATT","BRDN0000738251","SGR000122249.1_XPR003.1","",""
"GACCTCGCAATTGAGCGCTC","BRDN0000737419","SGR000121417.1_XPR003.1","",""
"GACGAAAGGTCCTACGAAGT","BRDN0000737957","SGR000121955.1_XPR003.1","",""
"GACGGTCCCCCCTATGAAAT","BRDN0000738240","SGR000122238.1_XPR003.1","",""
"GACGTATTGGATTCGCAACC","BRDN0000738109","SGR000122107.1_XPR003.1","",""
"GACGTCTAATTTCTGGCCGT","BRDN0000737414","SGR000121412.1_XPR003.1","",""
"GACTAGCACGAACTGCGGTT","BRDN0000738144","SGR000122142.1_XPR003.1","",""
"GACTCCGGGTACTAAATGTC","BRDN0000737384","SGR000121382.1_XPR003.1","",""
"GACTTCGACGAGAAAACGTT","BRDN0000738121","SGR000122119.1_XPR003.1","",""
"GAGACCCATTATGATCCTAG","BRDN0000738003","SGR000122001.1_XPR003.1","",""
"GAGATTAAATTAACGCCGGC","BRDN0000737582","SGR000121580.1_XPR003.1","",""
"GAGATTCGATACTGCGGTCA","BRDN0000738325","SGR000122323.1_XPR003.1","",""
"GAGCCCCAACGCGCGAAGCA","BRDN0000737707","SGR000121705.1_XPR003.1","",""
"GAGCGCCAAGCGTGCGTTGA","BRDN0000738063","SGR000122061.1_XPR003.1","",""
"GAGCGCGGGCCAGCGAACGT","BRDN0000738067","SGR000122065.1_XPR003.1","",""
"GAGCGTCCCGTGATTTAAAG","BRDN0000738087","SGR000122085.1_XPR003.1","",""
"GAGCTAATCTGTAGACGTCG","BRDN0000738179","SGR000122177.1_XPR003.1","",""
"GAGGACCTAGGTTCCCGGAT","BRDN0000738368","SGR000122366.1_XPR003.1","",""
"GAGGCGGGCTCTTCTATCGT","BRDN0000738360","SGR000122358.1_XPR003.1","",""
"GAGGCGTACTTCGGCTCTAA","BRDN0000737445","SGR000121443.1_XPR003.1","",""
"GAGTCGAGTTAATAACGCTC","BRDN0000737627","SGR000121625.1_XPR003.1","",""
"GATAAGACTCCGCGAGCTTC","BRDN0000737599","SGR000121597.1_XPR003.1","",""
"GATACGTGAGGTTGCCGGTG","BRDN0000737939","SGR000121937.1_XPR003.1","",""
"GATAGAACAACAGCGGTGCA","BRDN0000738317","SGR000122315.1_XPR003.1","",""
"GATATTTACCGGCGATAAGA","BRDN0000737484","SGR000121482.1_XPR003.1","",""
"GATCACTCCCGAAAGTAGTG","BRDN0000738139","SGR000122137.1_XPR003.1","",""
"GATCCCCTACGCTTCAACCT","BRDN0000737867","SGR000121865.1_XPR003.1","",""
"GATCGAGTGACACCCACCCG","BRDN0000737755","SGR000121753.1_XPR003.1","",""
"GATCTTACCACTCGTCGTAG","BRDN0000737421","SGR000121419.1_XPR003.1","",""
"GATGCGGACCCACGTTAAGC","BRDN0000738197","SGR000122195.1_XPR003.1","",""
"GATGCGGGTGGAAAACGTTA","BRDN0000737563","SGR000121561.1_XPR003.1","",""
"GATGGCCAGTAACGGCGTCA","BRDN0000737687","SGR000121685.1_XPR003.1","",""
"GATTACGGGGTTCCGTAACT","BRDN0000737681","SGR000121679.1_XPR003.1","",""
"GATTCATTATCGGCATACGG","BRDN0000737529","SGR000121527.1_XPR003.1","",""
"GATTCCGTATAGTAATCGAG","BRDN0000738316","SGR000122314.1_XPR003.1","",""
"GATTGAGAAGCCGCGGTATC","BRDN0000737648","SGR000121646.1_XPR003.1","",""
"GATTGGACGGTCGCAGGATA","BRDN0000738194","SGR000122192.1_XPR003.1","",""
"GATTTCTCGTATCGGATAAC","BRDN0000738250","SGR000122248.1_XPR003.1","",""
"GCAAAAAGCGGACACGCGAC","BRDN0000737564","SGR000121562.1_XPR003.1","",""
"GCAAATAGGTCGGAGCGTGT","BRDN0000737497","SGR000121495.1_XPR003.1","",""
"GCAACCCACGGACGGCACCG","BRDN0000738140","SGR000122138.1_XPR003.1","",""
"GCAACGGACAGTCATCGAAC","BRDN0000737908","SGR000121906.1_XPR003.1","",""
"GCAATAGTCGCACGGGTGAT","BRDN0000738275","SGR000122273.1_XPR003.1","",""
"GCAATTCTGCAACGCACGTC","BRDN0000737458","SGR000121456.1_XPR003.1","",""
"GCACCTCTAGCGCGCTCGGC","BRDN0000737678","SGR000121676.1_XPR003.1","",""
"GCACGAACCCGTTCGTATGG","BRDN0000737989","SGR000121987.1_XPR003.1","",""
"GCAGAGCGTAATCGGCATCG","BRDN0000737489","SGR000121487.1_XPR003.1","",""
"GCAGGGTTATTCCGCTTCTA","BRDN0000738180","SGR000122178.1_XPR003.1","",""
"GCAGGTAGGCTCGATACTTG","BRDN0000738171","SGR000122169.1_XPR003.1","",""
"GCATAACGGCCGAGCACCAC","BRDN0000737858","SGR000121856.1_XPR003.1","",""
"GCATGCGCTCGCGTGGACTG","BRDN0000738280","SGR000122278.1_XPR003.1","",""
"GCATTAAGACGCCCACATAT","BRDN0000738202","SGR000122200.1_XPR003.1","",""
"GCATTCCCGCTTACGTAATT","BRDN0000738137","SGR000122135.1_XPR003.1","",""
"GCATTCTTGAGCTCCGCGCC","BRDN0000737792","SGR000121790.1_XPR003.1","",""
"GCATTGGTGCTCGCGCGTTC","BRDN0000738162","SGR000122160.1_XPR003.1","",""
"GCCACGACCTGCGAATAATT","BRDN0000738142","SGR000122140.1_XPR003.1","",""
"GCCACTCCGCTCGTTCTAGA","BRDN0000737625","SGR000121623.1_XPR003.1","",""
"GCCAGCCTCGGTATAACTCG","BRDN0000738308","SGR000122306.1_XPR003.1","",""
"GCCATAGCCAATCGCTAGTT","BRDN0000737509","SGR000121507.1_XPR003.1","",""
"GCCCATGACGCGTGTTAGTA","BRDN0000738134","SGR000122132.1_XPR003.1","",""
"GCCCGACCTCCACGTAAATC","BRDN0000737921","SGR000121919.1_XPR003.1","",""
"GCCCGAGCGGATTCACCGCG","BRDN0000738215","SGR000122213.1_XPR003.1","",""
"GCCCGATAGAATTACCCATT","BRDN0000737661","SGR000121659.1_XPR003.1","",""
"GCCCGTTGTGAGCGGCATGC","BRDN0000738066","SGR000122064.1_XPR003.1","",""
"GCCCTCGAGCTCACGATGAG","BRDN0000737662","SGR000121660.1_XPR003.1","",""
"GCCGAATCGCGTTATTCCAA","BRDN0000737931","SGR000121929.1_XPR003.1","",""
"GCCGACCAACGATGACCACG","BRDN0000737925","SGR000121923.1_XPR003.1","",""
"GCCGAGAGGCGTAAGCGCGA","BRDN0000737893","SGR000121891.1_XPR003.1","",""
"GCCGCAACGTTAGATGTATA","BRDN0000738281","SGR000122279.1_XPR003.1","",""
"GCCGCGCCATAATATGCCAT","BRDN0000737490","SGR000121488.1_XPR003.1","",""
"GCCGCTCTTGATAACGACGC","BRDN0000737615","SGR000121613.1_XPR003.1","",""
"GCCGTAAGCGGGCCGGTTGA","BRDN0000737670","SGR000121668.1_XPR003.1","",""
"GCCGTTGGAAAACTCCGGCC","BRDN0000738257","SGR000122255.1_XPR003.1","",""
"GCCTATGTGAATCGCGAATT","BRDN0000737682","SGR000121680.1_XPR003.1","",""
"GCCTTCCTCGCAGACCCGAC","BRDN0000737836","SGR000121834.1_XPR003.1","",""
"GCCTTTTCCGCCCGTTCAAG","BRDN0000737997","SGR000121995.1_XPR003.1","",""
"GCGACAAGCGTTGAGTTCGC","BRDN0000738365","SGR000122363.1_XPR003.1","",""
"GCGACGTGTATCGATCACTC","BRDN0000737485","SGR000121483.1_XPR003.1","",""
"GCGAGCGCTATCCCGGTGGA","BRDN0000737935","SGR000121933.1_XPR003.1","",""
"GCGAGGTATTCGGCTCCGCG","BRDN0000737380","SGR000121378.1_XPR003.1","",""
"GCGAGTTATTTCGCTATAGG","BRDN0000738031","SGR000122029.1_XPR003.1","",""
"GCGATCGCCGGTATAGCTTT","BRDN0000737981","SGR000121979.1_XPR003.1","",""
"GCGATTATCAGTAGTCCACG","BRDN0000738293","SGR000122291.1_XPR003.1","",""
"GCGCCTAGGGTTCCGACTCA","BRDN0000738332","SGR000122330.1_XPR003.1","",""
"GCGCGAGGGCACCGACAAGT","BRDN0000737425","SGR000121423.1_XPR003.1","",""
"GCGCGAGTGCCAAACGAGTG","BRDN0000737843","SGR000121841.1_XPR003.1","",""
"GCGCGCGTGGATCACCCGCA","BRDN0000738204","SGR000122202.1_XPR003.1","",""
"GCGCGTACATATAAATAGGT","BRDN0000737538","SGR000121536.1_XPR003.1","",""
"GCGCTACTCCCACCGATGTT","BRDN0000738323","SGR000122321.1_XPR003.1","",""
"GCGCTCGAACAAACATGGTC","BRDN0000737965","SGR000121963.1_XPR003.1","",""
"GCGCTCGTTCGAGACGATCT","BRDN0000738328","SGR000122326.1_XPR003.1","",""
"GCGGATCTGACGGTTACTTA","BRDN0000737453","SGR000121451.1_XPR003.1","",""
"GCGGCCCGTGACCGTTCAAT","BRDN0000737555","SGR000121553.1_XPR003.1","",""
"GCGGGACCCCCGGTATAGTC","BRDN0000738017","SGR000122015.1_XPR003.1","",""
"GCGGTTACCGCGAAAACCAT","BRDN0000737399","SGR000121397.1_XPR003.1","",""
"GCGTACCTATCGATAAACCA","BRDN0000737735","SGR000121733.1_XPR003.1","",""
"GCGTATCTACCCTACCGCCG","BRDN0000737424","SGR000121422.1_XPR003.1","",""
"GCGTGACGCGATCAAACGGT","BRDN0000737742","SGR000121740.1_XPR003.1","",""
"GCGTGACGTCCCACCCTGAG","BRDN0000738278","SGR000122276.1_XPR003.1","",""
"GCGTGAGATTCGTTGCTCGA","BRDN0000738359","SGR000122357.1_XPR003.1","",""
"GCGTGCCATGGGAGGCCGTT","BRDN0000737572","SGR000121570.1_XPR003.1","",""
"GCGTGGAGTTCGTCGCTCTT","BRDN0000737949","SGR000121947.1_XPR003.1","",""
"GCGTGGTACTCACATCGCGA","BRDN0000738355","SGR000122353.1_XPR003.1","",""
"GCTAAAAACAACCGGCGCGG","BRDN0000738267","SGR000122265.1_XPR003.1","",""
"GCTAAACGTATTTTACGGGC","BRDN0000737710","SGR000121708.1_XPR003.1","",""
"GCTAAGATTCATCCGAACAC","BRDN0000737708","SGR000121706.1_XPR003.1","",""
"GCTAATCGGTACTACTCCGG","BRDN0000738114","SGR000122112.1_XPR003.1","",""
"GCTACAGATTTGCGTTCGAG","BRDN0000737456","SGR000121454.1_XPR003.1","",""
"GCTAGCGTTCAGCCCGATGT","BRDN0000737909","SGR000121907.1_XPR003.1","",""
"GCTAGTTCTCCCGGGCGAAA","BRDN0000737676","SGR000121674.1_XPR003.1","",""
"GCTATTCCGCTCGTCAATTT","BRDN0000737967","SGR000121965.1_XPR003.1","",""
"GCTCATACTGATGAACGTCC","BRDN0000737930","SGR000121928.1_XPR003.1","",""
"GCTCCAGGTGCGAGATAGGC","BRDN0000738304","SGR000122302.1_XPR003.1","",""
"GCTCGAAAGTACGCTTCCTT","BRDN0000738226","SGR000122224.1_XPR003.1","",""
"GCTCGCTGATGTGTAATCCG","BRDN0000737944","SGR000121942.1_XPR003.1","",""
"GCTCGGACCTTTTAGACGTC","BRDN0000737409","SGR000121407.1_XPR003.1","",""
"GCTGATTAGACCCGGCGTAA","BRDN0000737575","SGR000121573.1_XPR003.1","",""
"GCTTACCTACTCCGCCCCGC","BRDN0000737854","SGR000121852.1_XPR003.1","",""
"GCTTATCGTCATGCGGGTGA","BRDN0000737815","SGR000121813.1_XPR003.1","",""
"GCTTATCGTTCCGCTACGAT","BRDN0000737785","SGR000121783.1_XPR003.1","",""
"GCTTCATTATTAACCGGCGT","BRDN0000737746","SGR000121744.1_XPR003.1","",""
"GCTTCGACCACGGGTACTGC","BRDN0000738119","SGR000122117.1_XPR003.1","",""
"GCTTCGGAGGCTACGTAGTA","BRDN0000738073","SGR000122071.1_XPR003.1","",""
"GCTTCTACTCGCAACGTATT","BRDN0000737389","SGR000121387.1_XPR003.1","",""
"GCTTGAGGCAACGCGACTGA","BRDN0000738116","SGR000122114.1_XPR003.1","",""
"GCTTGTAATCTAAAGACGCG","BRDN0000737581","SGR000121579.1_XPR003.1","",""
"GCTTTCACGGAGGTTCGACG","BRDN0000737381","SGR000121379.1_XPR003.1","",""
"GGAAACGTTACATTCGACGC","BRDN0000737887","SGR000121885.1_XPR003.1","",""
"GGAAACTCTTGCTCGACACG","BRDN0000738019","SGR000122017.1_XPR003.1","",""
"GGACACTCGCCGACCCCACT","BRDN0000737897","SGR000121895.1_XPR003.1","",""
"GGACCAATGTTACCGTAGGT","BRDN0000737526","SGR000121524.1_XPR003.1","",""
"GGACGGATGGGACGACTAGT","BRDN0000737479","SGR000121477.1_XPR003.1","",""
"GGACGTAGATTAGGGCGTAA","BRDN0000737524","SGR000121522.1_XPR003.1","",""
"GGACTGAAACCGATAGTATC","BRDN0000737457","SGR000121455.1_XPR003.1","",""
"GGAGTCTCACGCAATTAGCG","BRDN0000737622","SGR000121620.1_XPR003.1","",""
"GGAGTTCAAGCGTAACTTCG","BRDN0000738176","SGR000122174.1_XPR003.1","",""
"GGATACATCGGCGCGCTAGT","BRDN0000737945","SGR000121943.1_XPR003.1","",""
"GGATAGCCCGGTTGGTGCGT","BRDN0000737498","SGR000121496.1_XPR003.1","",""
"GGATATTCGCGCGGTCTTCA","BRDN0000737764","SGR000121762.1_XPR003.1","",""
"GGATCGATCCGAGGAACGTG","BRDN0000737578","SGR000121576.1_XPR003.1","",""
"GGATTCGTGCGGGAGATACG","BRDN0000738206","SGR000122204.1_XPR003.1","",""
"GGATTGACGAGACGATATCG","BRDN0000737620","SGR000121618.1_XPR003.1","",""
"GGCAACGCACGCTGGGTTGT","BRDN0000737966","SGR000121964.1_XPR003.1","",""
"GGCACCGCGTTTATTGCACT","BRDN0000737954","SGR000121952.1_XPR003.1","",""
"GGCACCGTTCGGAAACCGAC","BRDN0000737790","SGR000121788.1_XPR003.1","",""
"GGCAGCCTAATCAGTCGAGG","BRDN0000738276","SGR000122274.1_XPR003.1","",""
"GGCCAGTGTGGCCGTTACGC","BRDN0000738374","SGR000122372.1_XPR003.1","",""
"GGCCCAACGAAACTAGCGTG","BRDN0000737606","SGR000121604.1_XPR003.1","",""
"GGCCCGAAGGGTCACAAGCG","BRDN0000738356","SGR000122354.1_XPR003.1","",""
"GGCGCTACTGTAATGACGGT","BRDN0000737817","SGR000121815.1_XPR003.1","",""
"GGCGGGTTAGGCCCCGTTTT","BRDN0000738270","SGR000122268.1_XPR003.1","",""
"GGCGTCGTAACAAGAACTTG","BRDN0000738371","SGR000122369.1_XPR003.1","",""
"GGCTTATAGACGAGACTCGA","BRDN0000737560","SGR000121558.1_XPR003.1","",""
"GGCTTTACGTAAGGAGCGTA","BRDN0000737573","SGR000121571.1_XPR003.1","",""
"GGGACGCTCATCGAGTGACG","BRDN0000737584","SGR000121582.1_XPR003.1","",""
"GGGCAACGTCATCTGGCGAC","BRDN0000738238","SGR000122236.1_XPR003.1","",""
"GGGCCGGCACTCTGTCGGAC","BRDN0000737924","SGR000121922.1_XPR003.1","",""
"GGGCGCGTCATAGACACACG","BRDN0000738022","SGR000122020.1_XPR003.1","",""
"GGGCGGGACGTAATATTATG","BRDN0000737704","SGR000121702.1_XPR003.1","",""
"GGGCTAGTGCGTTGTTACGA","BRDN0000738295","SGR000122293.1_XPR003.1","",""
"GGGGATGGCCTTACGTCGCG","BRDN0000737407","SGR000121405.1_XPR003.1","",""
"GGGGGGTCTAATACCGATTG","BRDN0000737730","SGR000121728.1_XPR003.1","",""
"GGGGTAGGCCTAATTACGGA","BRDN0000737430","SGR000121428.1_XPR003.1","",""
"GGGGTTGGATACGCGATTTA","BRDN0000738237","SGR000122235.1_XPR003.1","",""
"GGGTAGCACCCCGCCGACAC","BRDN0000738330","SGR000122328.1_XPR003.1","",""
"GGGTCGCACCCCAATAGCTG","BRDN0000738306","SGR000122304.1_XPR003.1","",""
"GGGTGCACACGCCGGCCTAT","BRDN0000737436","SGR000121434.1_XPR003.1","",""
"GGTAAAAAGCGTAACGAGTA","BRDN0000738088","SGR000122086.1_XPR003.1","",""
"GGTAACATAGGCGGCGATCT","BRDN0000738290","SGR000122288.1_XPR003.1","",""
"GGTCAAAGCGATGTTAGCCG","BRDN0000737580","SGR000121578.1_XPR003.1","",""
"GGTCGCTCGATTTCATTTAA","BRDN0000737956","SGR000121954.1_XPR003.1","",""
"GGTCTAGATAATCTTACCGA","BRDN0000738343","SGR000122341.1_XPR003.1","",""
"GGTCTCGTAATGTCCTATAT","BRDN0000738172","SGR000122170.1_XPR003.1","",""
"GGTCTGTCCGTTGCGACCAC","BRDN0000737551","SGR000121549.1_XPR003.1","",""
"GGTGCAGTCCGTTTAGTCGG","BRDN0000737500","SGR000121498.1_XPR003.1","",""
"GGTGTGGACCGCTTTTACGC","BRDN0000737937","SGR000121935.1_XPR003.1","",""
"GGTTAAAAATTAAGCGGTCC","BRDN0000737692","SGR000121690.1_XPR003.1","",""
"GTACATGCGGCAAGTCGACT","BRDN0000737590","SGR000121588.1_XPR003.1","",""
"GTACCACTTATCGACCTTGC","BRDN0000737958","SGR000121956.1_XPR003.1","",""
"GTACCATGATAACCGTACTA","BRDN0000737762","SGR000121760.1_XPR003.1","",""
"GTACGCAGGGTGTAGCGACC","BRDN0000738013","SGR000122011.1_XPR003.1","",""
"GTACTGACGTTACGTTCATA","BRDN0000738085","SGR000122083.1_XPR003.1","",""
"GTAGACATATTGCGTAATCG","BRDN0000737522","SGR000121520.1_XPR003.1","",""
"GTAGCTGACCGCTTAACTAA","BRDN0000738145","SGR000122143.1_XPR003.1","",""
"GTAGCTTCATGTCCGGTCGG","BRDN0000738373","SGR000122371.1_XPR003.1","",""
"GTAGGCCGCTGATCGAATAA","BRDN0000738060","SGR000122058.1_XPR003.1","",""
"GTAGTGCGTGTGATGTCGGG","BRDN0000737889","SGR000121887.1_XPR003.1","",""
"GTATCCTCCTTACGGCCCGT","BRDN0000737408","SGR000121406.1_XPR003.1","",""
"GTATCCTCGCAATCGTTAGG","BRDN0000737512","SGR000121510.1_XPR003.1","",""
"GTCAAGCCGAACGCTGCCGG","BRDN0000737393","SGR000121391.1_XPR003.1","",""
"GTCACAAAAAACGAGCGTTA","BRDN0000738274","SGR000122272.1_XPR003.1","",""
"GTCCTAGATCCTATCGGGAG","BRDN0000737876","SGR000121874.1_XPR003.1","",""
"GTCGATTAGATGATGCCCGG","BRDN0000738127","SGR000122125.1_XPR003.1","",""
"GTCGCGTATCCTGACGACAC","BRDN0000738279","SGR000122277.1_XPR003.1","",""
"GTCGCTCGAACTCACGTAGC","BRDN0000738021","SGR000122019.1_XPR003.1","",""
"GTCGGCCGCTTAACCCTTTC","BRDN0000737883","SGR000121881.1_XPR003.1","",""
"GTCGGCTCATCGGAAAATAT","BRDN0000737810","SGR000121808.1_XPR003.1","",""
"GTCGTGGGGCACGATGCGTA","BRDN0000738311","SGR000122309.1_XPR003.1","",""
"GTCGTTAACGACCCGGATTC","BRDN0000738178","SGR000122176.1_XPR003.1","",""
"GTCTAACATCGGCGCACGTG","BRDN0000737917","SGR000121915.1_XPR003.1","",""
"GTGATGGCCACGTCCGAACC","BRDN0000737649","SGR000121647.1_XPR003.1","",""
"GTGCAACGACTGACCCGCGG","BRDN0000737480","SGR000121478.1_XPR003.1","",""
"GTGCCAGCGTCGATTGACGC","BRDN0000738129","SGR000122127.1_XPR003.1","",""
"GTGCCTGATAGTGTGAAGCG","BRDN0000737728","SGR000121726.1_XPR003.1","",""
"GTGCGAATTAACCGTTAGGA","BRDN0000738372","SGR000122370.1_XPR003.1","",""
"GTGCGCGCGTATAGAAAAAA","BRDN0000738354","SGR000122352.1_XPR003.1","",""
"GTGGGCTGACCGTTCTCGAC","BRDN0000737665","SGR000121663.1_XPR003.1","",""
"GTGGTTACGTTAACGACTAC","BRDN0000737410","SGR000121408.1_XPR003.1","",""
"GTGTATGACGAGAAGCGAAG","BRDN0000737936","SGR000121934.1_XPR003.1","",""
"GTGTCTTTCGGTCTTACGAG","BRDN0000738038","SGR000122036.1_XPR003.1","",""
"GTGTGCCTCGACAGCGTAAG","BRDN0000737494","SGR000121492.1_XPR003.1","",""
"GTGTGGTATATCCCCGTTTT","BRDN0000738132","SGR000122130.1_XPR003.1","",""
"GTGTTGTCCGAGAACCCGAC","BRDN0000738141","SGR000122139.1_XPR003.1","",""
"GTTAAGTAGATCGGTGACAT","BRDN0000738370","SGR000122368.1_XPR003.1","",""
"GTTAATATTGTGGCCCGCAC","BRDN0000737933","SGR000121931.1_XPR003.1","",""
"GTTACCCCTTTGGCCGGAAG","BRDN0000737576","SGR000121574.1_XPR003.1","",""
"GTTACCGTGACGATAAGAAT","BRDN0000737709","SGR000121707.1_XPR003.1","",""
"GTTACTTACCTGACCGGCAA","BRDN0000738007","SGR000122005.1_XPR003.1","",""
"GTTATACCACCTACTATGAC","BRDN0000737938","SGR000121936.1_XPR003.1","",""
"GTTATTGCGCCTTGGCCGTA","BRDN0000737540","SGR000121538.1_XPR003.1","",""
"GTTATTTGTCTGTCGAAACG","BRDN0000737588","SGR000121586.1_XPR003.1","",""
"GTTCCGGATATATACGGTTA","BRDN0000737702","SGR000121700.1_XPR003.1","",""
"GTTCGCGGGGGCTTCTATCA","BRDN0000737953","SGR000121951.1_XPR003.1","",""
"GTTCGGTTGCAGCTTACACG","BRDN0000737677","SGR000121675.1_XPR003.1","",""
"GTTCTTCAAAGACGGGCGGC","BRDN0000737794","SGR000121792.1_XPR003.1","",""
"GTTGCGGCGACCTAGATATC","BRDN0000737782","SGR000121780.1_XPR003.1","",""
"GTTGCGTCCATTCCGTCGCC","BRDN0000737642","SGR000121640.1_XPR003.1","",""
"GTTGCGTGTGTCCGTACAAA","BRDN0000737712","SGR000121710.1_XPR003.1","",""
"GTTTCAGCGCGAGTTGCGCG","BRDN0000737586","SGR000121584.1_XPR003.1","",""
"GTTTCAGGAACGACGGCGAG","BRDN0000737803","SGR000121801.1_XPR003.1","",""
"GTTTCCCGGGACTGTCGCGT","BRDN0000737515","SGR000121513.1_XPR003.1","",""
"GTTTGCGAGTCAAAGTACGC","BRDN0000737435","SGR000121433.1_XPR003.1","",""
"TAAAAACGCTGGCGGCCTAG","BRDN0000738369","SGR000122367.1_XPR003.1","",""
"TAAAACCGATCACGATACGA","BRDN0000737427","SGR000121425.1_XPR003.1","",""
"TAAAAGTGGTGCGTCGTCGT","BRDN0000737541","SGR000121539.1_XPR003.1","",""
"TAAACGATTCACCGATAACA","BRDN0000737543","SGR000121541.1_XPR003.1","",""
"TAACACGCACTCACGTCCGG","BRDN0000737855","SGR000121853.1_XPR003.1","",""
"TAACAGCTTCCGCGTAATAT","BRDN0000737508","SGR000121506.1_XPR003.1","",""
"TAACCCTTGATCAACCGATA","BRDN0000737813","SGR000121811.1_XPR003.1","",""
"TAACGTTATGTCAAACGCTC","BRDN0000737577","SGR000121575.1_XPR003.1","",""
"TAACTCTAATGCGTTCCAAG","BRDN0000738076","SGR000122074.1_XPR003.1","",""
"TAAGACTGGGTGTCCCGCGT","BRDN0000737895","SGR000121893.1_XPR003.1","",""
"TAAGCGGCGTCATGTCGCCC","BRDN0000737518","SGR000121516.1_XPR003.1","",""
"TAAGTGACACTTCGTATCGT","BRDN0000738233","SGR000122231.1_XPR003.1","",""
"TAATAAACTATGTCCCGCCG","BRDN0000737674","SGR000121672.1_XPR003.1","",""
"TAATGAGTAACGCTCATCGG","BRDN0000737630","SGR000121628.1_XPR003.1","",""
"TAATGCGAATGCGACCTCTC","BRDN0000737819","SGR000121817.1_XPR003.1","",""
"TAATGGAAGATGCGCGATAC","BRDN0000737486","SGR000121484.1_XPR003.1","",""
"TAATGGCACTTACCGGGTCT","BRDN0000738024","SGR000122022.1_XPR003.1","",""
"TAATTCGCAACTCGGATCAT","BRDN0000737894","SGR000121892.1_XPR003.1","",""
"TAATTCTTTAGTACGTGCAA","BRDN0000738255","SGR000122253.1_XPR003.1","",""
"TACACGCCCTAAGCTAGTAA","BRDN0000737780","SGR000121778.1_XPR003.1","",""
"TACAGTTATACGTCGCGGTG","BRDN0000737390","SGR000121388.1_XPR003.1","",""
"TACATCGAACAACCAACCGA","BRDN0000738346","SGR000122344.1_XPR003.1","",""
"TACATGCGGTTGACACGTTC","BRDN0000738123","SGR000122121.1_XPR003.1","",""
"TACCCCTCTGCGATGCCGGT","BRDN0000737618","SGR000121616.1_XPR003.1","",""
"TACCCCTTGAGGGGCGCATA","BRDN0000737462","SGR000121460.1_XPR003.1","",""
"TACGACATCGCATGGTAACG","BRDN0000737778","SGR000121776.1_XPR003.1","",""
"TACGACGAGGACGCATCGAG","BRDN0000738131","SGR000122129.1_XPR003.1","",""
"TACGCTCACTTCTGCGAAGG","BRDN0000738097","SGR000122095.1_XPR003.1","",""
"TACGGACGTCGAATTGAGCA","BRDN0000738334","SGR000122332.1_XPR003.1","",""
"TACGTCTGCGCAAATAGAAT","BRDN0000737898","SGR000121896.1_XPR003.1","",""
"TACTGCGTACCGCAGTAAGC","BRDN0000737696","SGR000121694.1_XPR003.1","",""
"TACTTACCGACCGACAAACG","BRDN0000737602","SGR000121600.1_XPR003.1","",""
"TACTTAGGTCCGCGTAAAGC","BRDN0000737691","SGR000121689.1_XPR003.1","",""
"TAGACGTCCACCGACTCTGA","BRDN0000737783","SGR000121781.1_XPR003.1","",""
"TAGAGCAGATCCCCTCAACG","BRDN0000738091","SGR000122089.1_XPR003.1","",""
"TAGATGGTGCTTCTGTCGCG","BRDN0000737468","SGR000121466.1_XPR003.1","",""
"TAGCCCGTCGAGTACTCCCC","BRDN0000737447","SGR000121445.1_XPR003.1","",""
"TAGCCGAGTTCACGCCAGTA","BRDN0000737841","SGR000121839.1_XPR003.1","",""
"TAGCTGTTTACGCCGACCTG","BRDN0000737652","SGR000121650.1_XPR003.1","",""
"TAGGCCGCTCAGGCCGCACT","BRDN0000737638","SGR000121636.1_XPR003.1","",""
"TAGGCGGACGGTTACATATA","BRDN0000737598","SGR000121596.1_XPR003.1","",""
"TAGGGGTGCGCATTAGACTA","BRDN0000737920","SGR000121918.1_XPR003.1","",""
"TAGGTGGCGCCCAATCGGAC","BRDN0000737973","SGR000121971.1_XPR003.1","",""
"TAGTAAAAAATTCGCCCTCC","BRDN0000738268","SGR000122266.1_XPR003.1","",""
"TAGTAGGCCGGAGCGCATCC","BRDN0000738125","SGR000122123.1_XPR003.1","",""
"TAGTAGGTTGATCGCGTCGC","BRDN0000737796","SGR000121794.1_XPR003.1","",""
"TAGTCAGTCGGCCTCCGTGC","BRDN0000737726","SGR000121724.1_XPR003.1","",""
"TAGTCCTAGTTAGATTCGCG","BRDN0000737415","SGR000121413.1_XPR003.1","",""
"TAGTGCGAACAGTCACGGCG","BRDN0000738157","SGR000122155.1_XPR003.1","",""
"TAGTGTTGTGAGCGTCGTAC","BRDN0000738195","SGR000122193.1_XPR003.1","",""
"TAGTTAACCGTAAAGTGGGC","BRDN0000737664","SGR000121662.1_XPR003.1","",""
"TAGTTATCTGCAACGCATAG","BRDN0000738093","SGR000122091.1_XPR003.1","",""
"TATACTCGCCTGTCACAGCG","BRDN0000737747","SGR000121745.1_XPR003.1","",""
"TATCCCGATCCGGAAACTAG","BRDN0000737904","SGR000121902.1_XPR003.1","",""
"TATCGAACTGCACACGCAAC","BRDN0000737465","SGR000121463.1_XPR003.1","",""
"TATCTAATCGCGGAGTCGTA","BRDN0000737520","SGR000121518.1_XPR003.1","",""
"TATCTCTGGATGCCGTCGGT","BRDN0000737739","SGR000121737.1_XPR003.1","",""
"TATGAAACATCTCGGCGACG","BRDN0000737922","SGR000121920.1_XPR003.1","",""
"TATGAACCTCCGGATCGGTG","BRDN0000738077","SGR000122075.1_XPR003.1","",""
"TATGAACTAGGCGTAAACGG","BRDN0000737910","SGR000121908.1_XPR003.1","",""
"TATGACACACAATCTGCGAC","BRDN0000738028","SGR000122026.1_XPR003.1","",""
"TATGACTGCACGACTCGCTA","BRDN0000737667","SGR000121665.1_XPR003.1","",""
"TATGATCGTATGGCCCTTCC","BRDN0000737979","SGR000121977.1_XPR003.1","",""
"TATGCCATATGCCCGTTTTT","BRDN0000737940","SGR000121938.1_XPR003.1","",""
"TCAAACGCCCGGGCGCCCCA","BRDN0000737438","SGR000121436.1_XPR003.1","",""
"TCAACTATGAACCGCCGTGC","BRDN0000737654","SGR000121652.1_XPR003.1","",""
"TCAACTTAACCTCGAGTCCG","BRDN0000737718","SGR000121716.1_XPR003.1","",""
"TCAATAGTTCTGCGCGAATT","BRDN0000737474","SGR000121472.1_XPR003.1","",""
"TCAATCTGCGGTGACTCGTT","BRDN0000738277","SGR000122275.1_XPR003.1","",""
"TCAATTAGTGGCCGCCAAGC","BRDN0000737987","SGR000121985.1_XPR003.1","",""
"TCACAACCCCCGACTATCGC","BRDN0000738273","SGR000122271.1_XPR003.1","",""
"TCACACGGGATCTCGCCGGT","BRDN0000737568","SGR000121566.1_XPR003.1","",""
"TCACATGACACTCGTTACGA","BRDN0000738331","SGR000122329.1_XPR003.1","",""
"TCACCCGCGTATACGACCTG","BRDN0000738070","SGR000122068.1_XPR003.1","",""
"TCACGCACGACTAAGGGAAT","BRDN0000737784","SGR000121782.1_XPR003.1","",""
"TCACTCAAAGTGCGTAGTCG","BRDN0000738037","SGR000122035.1_XPR003.1","",""
"TCACTTCGGGCATTACGAGC","BRDN0000737673","SGR000121671.1_XPR003.1","",""
"TCACTTTAAGCACCCCGCGC","BRDN0000737851","SGR000121849.1_XPR003.1","",""
"TCAGCAGAATTGGGCCCGTA","BRDN0000738283","SGR000122281.1_XPR003.1","",""
"TCAGCTACGATCGGACCCAA","BRDN0000737988","SGR000121986.1_XPR003.1","",""
"TCAGTCAGTCGGCCCCCTGC","BRDN0000738244","SGR000122242.1_XPR003.1","",""
"TCATATTAGACAATCTCCGC","BRDN0000737840","SGR000121838.1_XPR003.1","",""
"TCATCTACGGTATCGAAAGG","BRDN0000737941","SGR000121939.1_XPR003.1","",""
"TCATGCGCCTCGTAATACCT","BRDN0000737495","SGR000121493.1_XPR003.1","",""
"TCATGTTGCGTCGTCCGTTA","BRDN0000737846","SGR000121844.1_XPR003.1","",""
"TCCCCCGTACGTGTATGTCG","BRDN0000737503","SGR000121501.1_XPR003.1","",""
"TCCCCTTCGTCGGCGCCAGG","BRDN0000737984","SGR000121982.1_XPR003.1","",""
"TCCCGGGAGGTACGGTGTAC","BRDN0000737406","SGR000121404.1_XPR003.1","",""
"TCCGAACAGGCGCGTTTCTC","BRDN0000738104","SGR000122102.1_XPR003.1","",""
"TCCGCGGCAACGTTTGGGTC","BRDN0000737756","SGR000121754.1_XPR003.1","",""
"TCCGTACATCGACCTATTAC","BRDN0000737546","SGR000121544.1_XPR003.1","",""
"TCCGTAGGACGTATATATTC","BRDN0000737636","SGR000121634.1_XPR003.1","",""
"TCCTACACCACCCCGGCCGT","BRDN0000738248","SGR000122246.1_XPR003.1","",""
"TCCTAGGCCTGATTTACCCG","BRDN0000738214","SGR000122212.1_XPR003.1","",""
"TCCTATAATTGAGCGAACGG","BRDN0000737455","SGR000121453.1_XPR003.1","",""
"TCCTCCGATCGACCAGGGTA","BRDN0000738051","SGR000122049.1_XPR003.1","",""
"TCCTGCGCGATGACCGTCGG","BRDN0000737428","SGR000121426.1_XPR003.1","",""
"TCCTGCGTTCCACTCGTACT","BRDN0000737587","SGR000121585.1_XPR003.1","",""
"TCGAGTCTTGACTCAACGCT","BRDN0000738312","SGR000122310.1_XPR003.1","",""
"TCGATCGTCGGCGGAGCGGA","BRDN0000738191","SGR000122189.1_XPR003.1","",""
"TCGCAAAATGCGGATTCCGT","BRDN0000737499","SGR000121497.1_XPR003.1","",""
"TCGCACTCTAGGCCGTTATT","BRDN0000738150","SGR000122148.1_XPR003.1","",""
"TCGCGAATTGCTGCCGAACT","BRDN0000738126","SGR000122124.1_XPR003.1","",""
"TCGCTAAGCCGGGTAATACT","BRDN0000737535","SGR000121533.1_XPR003.1","",""
"TCGCTCATTAGGAGCGCTAT","BRDN0000738326","SGR000122324.1_XPR003.1","",""
"TCGCTCCGCTAGTAGTGGGT","BRDN0000737807","SGR000121805.1_XPR003.1","",""
"TCGCTGAGCAACGAAGCAAC","BRDN0000738298","SGR000122296.1_XPR003.1","",""
"TCGCTTCTGATTGATCCACG","BRDN0000738339","SGR000122337.1_XPR003.1","",""
"TCGGAATTCCGCAGGCCGAG","BRDN0000737680","SGR000121678.1_XPR003.1","",""
"TCGGACTATAGCGTGAACGT","BRDN0000738305","SGR000122303.1_XPR003.1","",""
"TCGGATCGGTACATAAAGTT","BRDN0000738068","SGR000122066.1_XPR003.1","",""
"TCGGATTTTAATCCTTACGC","BRDN0000738190","SGR000122188.1_XPR003.1","",""
"TCGGCGCAGCCTAATGTATA","BRDN0000737808","SGR000121806.1_XPR003.1","",""
"TCGTAAAGTCGCAGCGACGT","BRDN0000737916","SGR000121914.1_XPR003.1","",""
"TCGTAAGTTCGCTATATGCC","BRDN0000737604","SGR000121602.1_XPR003.1","",""
"TCGTACCGCACGTGTAAGCC","BRDN0000737658","SGR000121656.1_XPR003.1","",""
"TCGTGCCGGAATAACCACTA","BRDN0000737600","SGR000121598.1_XPR003.1","",""
"TCGTGCCTAGCTCGGTTGAG","BRDN0000737567","SGR000121565.1_XPR003.1","",""
"TCGTGTCTAGCTATCGAGTG","BRDN0000737413","SGR000121411.1_XPR003.1","",""
"TCGTTACATACCCCGCGGAA","BRDN0000737475","SGR000121473.1_XPR003.1","",""
"TCGTTGTGTCGACATCCGCA","BRDN0000738345","SGR000122343.1_XPR003.1","",""
"TCTACACGCGCGTTCAACCG","BRDN0000737732","SGR000121730.1_XPR003.1","",""
"TCTAGGATACTCTTAACGGG","BRDN0000737550","SGR000121548.1_XPR003.1","",""
"TCTATATCTAGTCTCGGCGC","BRDN0000737656","SGR000121654.1_XPR003.1","",""
"TCTCAGTTCGTAGCGAACGA","BRDN0000737405","SGR000121403.1_XPR003.1","",""
"TCTCCGGGCCGTGTTAGACC","BRDN0000737865","SGR000121863.1_XPR003.1","",""
"TCTCCGTCCGAAACGGCGAC","BRDN0000738192","SGR000122190.1_XPR003.1","",""
"TCTCGAATAAATTTTCTCGC","BRDN0000737791","SGR000121789.1_XPR003.1","",""
"TCTCTTCGCGCCCGCTTTGC","BRDN0000738168","SGR000122166.1_XPR003.1","",""
"TCTGCACCGCGACTTAGCTT","BRDN0000737559","SGR000121557.1_XPR003.1","",""
"TCTGGACGCGAGATGACGGG","BRDN0000738246","SGR000122244.1_XPR003.1","",""
"TCTTCTAGTGCGAGTTCCGC","BRDN0000738175","SGR000122173.1_XPR003.1","",""
"TCTTCTCGAGCGTGCGGGCC","BRDN0000738054","SGR000122052.1_XPR003.1","",""
"TCTTGACTCCGACTTCGGGC","BRDN0000737716","SGR000121714.1_XPR003.1","",""
"TGACAACCGCGGTACCTCTA","BRDN0000737955","SGR000121953.1_XPR003.1","",""
"TGACCCGTCTCTTCGCGCAC","BRDN0000738050","SGR000122048.1_XPR003.1","",""
"TGACCCTCTTAATCTCCGGT","BRDN0000737860","SGR000121858.1_XPR003.1","",""
"TGACGCGCCTCGGACCAACC","BRDN0000737903","SGR000121901.1_XPR003.1","",""
"TGACGCTAAGGCCCGCTAAC","BRDN0000737824","SGR000121822.1_XPR003.1","",""
"TGACTTGACACGTTCGATAT","BRDN0000737760","SGR000121758.1_XPR003.1","",""
"TGAGACCAATGCCGCGGAAT","BRDN0000737770","SGR000121768.1_XPR003.1","",""
"TGAGAGCAAGGCGCATACGC","BRDN0000737960","SGR000121958.1_XPR003.1","",""
"TGAGCCGGTGCGCTCTCGGT","BRDN0000738074","SGR000122072.1_XPR003.1","",""
"TGAGCCTTTGTGGACCGCGG","BRDN0000738149","SGR000122147.1_XPR003.1","",""
"TGAGCGCTTTCCCGATCCGG","BRDN0000737835","SGR000121833.1_XPR003.1","",""
"TGAGGGCTCAATACTTCCGC","BRDN0000738364","SGR000122362.1_XPR003.1","",""
"TGAGGTTACCGCCGGCTTTT","BRDN0000738183","SGR000122181.1_XPR003.1","",""
"TGATAAACGATGCGAACTCG","BRDN0000737724","SGR000121722.1_XPR003.1","",""
"TGATCAACGTCGGTGGACGG","BRDN0000737884","SGR000121882.1_XPR003.1","",""
"TGATCCCCGTCCCGAAGTTA","BRDN0000738320","SGR000122318.1_XPR003.1","",""
"TGATGCCGGTACCCGTAACT","BRDN0000737816","SGR000121814.1_XPR003.1","",""
"TGATGGACGCGATACGTTTA","BRDN0000737461","SGR000121459.1_XPR003.1","",""
"TGATTGGGGGTCGTTCGCCA","BRDN0000737725","SGR000121723.1_XPR003.1","",""
"TGCAACGATGGTTACGGTAC","BRDN0000737411","SGR000121409.1_XPR003.1","",""
"TGCACCGGTACGGGCGACTC","BRDN0000737444","SGR000121442.1_XPR003.1","",""
"TGCAGATCGCGAAGCGACTA","BRDN0000737549","SGR000121547.1_XPR003.1","",""
"TGCAGTAGTCGCGGATAGGC","BRDN0000738352","SGR000122350.1_XPR003.1","",""
"TGCCCTGCGTCCGCTACGTC","BRDN0000738336","SGR000122334.1_XPR003.1","",""
"TGCCGACGCGACGCAGCGTA","BRDN0000737595","SGR000121593.1_XPR003.1","",""
"TGCCTACTGTCGTTCCCGCG","BRDN0000738186","SGR000122184.1_XPR003.1","",""
"TGCCTTCAGTCGACCGTTAC","BRDN0000738284","SGR000122282.1_XPR003.1","",""
"TGCGCGTCCTGTTATGACCG","BRDN0000737775","SGR000121773.1_XPR003.1","",""
"TGCGGCAATGTTAACCCTTA","BRDN0000737596","SGR000121594.1_XPR003.1","",""
"TGCGTAAAACTTGCGCTCGA","BRDN0000737700","SGR000121698.1_XPR003.1","",""
"TGCGTCTCAGCTTCGGCTAT","BRDN0000738100","SGR000122098.1_XPR003.1","",""
"TGCTGGCCGATACGTGCTTG","BRDN0000738057","SGR000122055.1_XPR003.1","",""
"TGCTTAGGGCCCTTCGGCGG","BRDN0000737864","SGR000121862.1_XPR003.1","",""
"TGCTTTACCGCGTTGGGTAA","BRDN0000738321","SGR000122319.1_XPR003.1","",""
"TGGATCCGCTTCGCACGGCG","BRDN0000737800","SGR000121798.1_XPR003.1","",""
"TGGCACGGAGTTGCATACGC","BRDN0000737675","SGR000121673.1_XPR003.1","",""
"TGGCCCACAAGGTGCGATAT","BRDN0000737429","SGR000121427.1_XPR003.1","",""
"TGGCGCTCCTGCGCACACGA","BRDN0000737513","SGR000121511.1_XPR003.1","",""
"TGGCTTAATGGACAGCGCGA","BRDN0000738005","SGR000122003.1_XPR003.1","",""
"TGGGCCATAGTGGCGCGTGA","BRDN0000737839","SGR000121837.1_XPR003.1","",""
"TGGGCGGTTCAAAGCGAATT","BRDN0000738098","SGR000122096.1_XPR003.1","",""
"TGGGTCCTAAACGCGGTTCA","BRDN0000737833","SGR000121831.1_XPR003.1","",""
"TGGGTTCCGGCCCCATGTAC","BRDN0000737501","SGR000121499.1_XPR003.1","",""
"TGGTACCACTCGCCGAATCT","BRDN0000738010","SGR000122008.1_XPR003.1","",""
"TGGTTCACCACTCGAGATCG","BRDN0000737970","SGR000121968.1_XPR003.1","",""
"TGGTTCGACCAACATGGTTC","BRDN0000737838","SGR000121836.1_XPR003.1","",""
"TGGTTGGCATGTCGCCAGCG","BRDN0000738294","SGR000122292.1_XPR003.1","",""
"TGTAACGATCTGGGCGGTCT","BRDN0000737721","SGR000121719.1_XPR003.1","",""
"TGTACTCGCATAGCGGGGGC","BRDN0000737592","SGR000121590.1_XPR003.1","",""
"TGTATAGTCATCGCCGTAAT","BRDN0000737597","SGR000121595.1_XPR003.1","",""
"TGTATCCACCGTGACCCGGT","BRDN0000737420","SGR000121418.1_XPR003.1","",""
"TGTCCCGACGATGTGTAAAT","BRDN0000738227","SGR000122225.1_XPR003.1","",""
"TGTCCTACCGAATGAACCGT","BRDN0000737487","SGR000121485.1_XPR003.1","",""
"TGTCGCCGATGGTCAGTCGC","BRDN0000737788","SGR000121786.1_XPR003.1","",""
"TGTCGGACCCATTGTCGAAC","BRDN0000737466","SGR000121464.1_XPR003.1","",""
"TGTCTATGTTTGGCCACGCA","BRDN0000738266","SGR000122264.1_XPR003.1","",""
"TGTCTGCCGCATACGCTATA","BRDN0000738069","SGR000122067.1_XPR003.1","",""
"TGTGCCACGCCGCTGCAACG","BRDN0000737496","SGR000121494.1_XPR003.1","",""
"TGTGCCTACGCCATTCGGCT","BRDN0000738071","SGR000122069.1_XPR003.1","",""
"TGTGTAATTACGTTTCGCGG","BRDN0000737482","SGR000121480.1_XPR003.1","",""
"TGTTAATGCCAACGGGACAT","BRDN0000738261","SGR000122259.1_XPR003.1","",""
"TGTTCGCCCTCTCACGATTG","BRDN0000737805","SGR000121803.1_XPR003.1","",""
"TGTTTATGCGGAACTTCCGC","BRDN0000737822","SGR000121820.1_XPR003.1","",""
"TTAACGTCTGTGCGCACTAC","BRDN0000738177","SGR000122175.1_XPR003.1","",""
"TTAACTGGGGGGACCGGACG","BRDN0000737820","SGR000121818.1_XPR003.1","",""
"TTACAGTTCATACCGTCGCC","BRDN0000737686","SGR000121684.1_XPR003.1","",""
"TTACCGTGGTACGTCAGGTT","BRDN0000738259","SGR000122257.1_XPR003.1","",""
"TTACGCAAAGCTGCGATGAG","BRDN0000737896","SGR000121894.1_XPR003.1","",""
"TTACTGATCAGTCGGACGCA","BRDN0000737647","SGR000121645.1_XPR003.1","",""
"TTACTTGGTGCAACAACCGG","BRDN0000738147","SGR000122145.1_XPR003.1","",""
"TTAGCCTTGCCCCGTCATAC","BRDN0000737996","SGR000121994.1_XPR003.1","",""
"TTAGGACGTGCTTCCGAGGG","BRDN0000737663","SGR000121661.1_XPR003.1","",""
"TTAGTTCGACCACTCCTGAT","BRDN0000738026","SGR000122024.1_XPR003.1","",""
"TTATACCGTCACGAGTGCCC","BRDN0000737443","SGR000121441.1_XPR003.1","",""
"TTATCGCACAACCCCGAAAG","BRDN0000737506","SGR000121504.1_XPR003.1","",""
"TTATCGTACTAGTACGTACA","BRDN0000738198","SGR000122196.1_XPR003.1","",""
"TTATGACCTCGATGCGACAT","BRDN0000737902","SGR000121900.1_XPR003.1","",""
"TTATGTGCCTCTCGGCGCAT","BRDN0000737432","SGR000121430.1_XPR003.1","",""
"TTATTGGTTTCAACGGTTGT","BRDN0000738173","SGR000122171.1_XPR003.1","",""
"TTATTTACGCGCTGAACTTG","BRDN0000737868","SGR000121866.1_XPR003.1","",""
"TTCAACGACGGAAGACGCGC","BRDN0000737918","SGR000121916.1_XPR003.1","",""
"TTCAAGTGTTATGGACGCGC","BRDN0000737959","SGR000121957.1_XPR003.1","",""
"TTCAATTGTTCGCCCGAACA","BRDN0000737452","SGR000121450.1_XPR003.1","",""
"TTCATCCTTCGTAGCGCAGC","BRDN0000737969","SGR000121967.1_XPR003.1","",""
"TTCATCGCAGATCGATTTCG","BRDN0000737968","SGR000121966.1_XPR003.1","",""
"TTCCAGTATACCGAATTCGC","BRDN0000737906","SGR000121904.1_XPR003.1","",""
"TTCCCCGCCCGTGCGGTCAT","BRDN0000737795","SGR000121793.1_XPR003.1","",""
"TTCGAAGTCTAACCCGCGGG","BRDN0000737514","SGR000121512.1_XPR003.1","",""
"TTCGACGTGCGGCGTATTGG","BRDN0000737451","SGR000121449.1_XPR003.1","",""
"TTCGACTGCGCACGCCATGA","BRDN0000737758","SGR000121756.1_XPR003.1","",""
"TTCGAGACGGATACGTCTGC","BRDN0000737446","SGR000121444.1_XPR003.1","",""
"TTCGAGATTTTAATAGCGCA","BRDN0000738361","SGR000122359.1_XPR003.1","",""
"TTCGATATAGGGGACGGCGG","BRDN0000737669","SGR000121667.1_XPR003.1","",""
"TTCGCCGGCGACGAAGTGCA","BRDN0000737422","SGR000121420.1_XPR003.1","",""
"TTCGCGAGTAAGGTAGGCAT","BRDN0000738213","SGR000122211.1_XPR003.1","",""
"TTCGGCTCAATGGCGCGAGC","BRDN0000737477","SGR000121475.1_XPR003.1","",""
"TTCGGCTGGTGTGCGTTCAC","BRDN0000738340","SGR000122338.1_XPR003.1","",""
"TTCGTGGCCGAAGGCGCCGC","BRDN0000738108","SGR000122106.1_XPR003.1","",""
"TTCTCCATACCGTAACTCCG","BRDN0000737766","SGR000121764.1_XPR003.1","",""
"TTCTGATTAGATACGTACGA","BRDN0000737985","SGR000121983.1_XPR003.1","",""
"TTGAACACGACACCCGTGCC","BRDN0000738020","SGR000122018.1_XPR003.1","",""
"TTGAAGTAGGGTCGGATTGA","BRDN0000737992","SGR000121990.1_XPR003.1","",""
"TTGAATCCGAGGCGCCGATG","BRDN0000738111","SGR000122109.1_XPR003.1","",""
"TTGAGCGGACCCCCCTACAA","BRDN0000737971","SGR000121969.1_XPR003.1","",""
"TTGATAAACCGCGGCCGAAA","BRDN0000737511","SGR000121509.1_XPR003.1","",""
"TTGCACCCCCAGTTCGTTGC","BRDN0000738347","SGR000122345.1_XPR003.1","",""
"TTGCAGCAACGGCGACGGCT","BRDN0000738211","SGR000122209.1_XPR003.1","",""
"TTGCGTGTGCGTTGTTAACG","BRDN0000737532","SGR000121530.1_XPR003.1","",""
"TTGGACGTACACTTTCGTTC","BRDN0000737650","SGR000121648.1_XPR003.1","",""
"TTGGCGGCTCGCTCCTGCGT","BRDN0000738029","SGR000122027.1_XPR003.1","",""
"TTGTCAACTTCGGCCAACGC","BRDN0000737396","SGR000121394.1_XPR003.1","",""
"TTGTCGCTAACTCAGAATAG","BRDN0000738314","SGR000122312.1_XPR003.1","",""
"TTGTTTCAGCCTTGAGCGCG","BRDN0000738080","SGR000122078.1_XPR003.1","",""
"TTTACGTATGCTGTGCGCGA","BRDN0000738075","SGR000122073.1_XPR003.1","",""
"TTTAGTCAGACGAGCCGGAT","BRDN0000737774","SGR000121772.1_XPR003.1","",""
"TTTCAGTTGTCGCGCGACTC","BRDN0000737740","SGR000121738.1_XPR003.1","",""
"TTTCTAATTACCCGATACGT","BRDN0000737536","SGR000121534.1_XPR003.1","",""
"TTTCTAGGGCCGCCGCCCGC","BRDN0000738061","SGR000122059.1_XPR003.1","",""
"TTTGACATTTTCGTCTCGCG","BRDN0000737890","SGR000121888.1_XPR003.1","",""
"TTTTAGTAGGTCAACGCTGT","BRDN0000738044","SGR000122042.1_XPR003.1","",""
"TTTTCGTCGACTAAGTCAAG","BRDN0000737986","SGR000121984.1_XPR003.1","",""
"TTTTGGCGACGCATCGCTGG","BRDN0000738107","SGR000122105.1_XPR003.1","",""
"TTTTTAGACCTAATTCGCGC","BRDN0000737731","SGR000121729.1_XPR003.1","",""
